"Pathway","p.value"
"AGE-RAGE signaling pathway in diabetic complications: NFATC1",2.38232582047364e-36
"AGE-RAGE signaling pathway in diabetic complications: CCND1",2.55601468385401e-36
"AGE-RAGE signaling pathway in diabetic complications: AGER**",2.94203439053047e-36
"Adrenergic signaling in cardiomyocytes: SLC8A1",4.43844852069655e-36
"Adrenergic signaling in cardiomyocytes: MAPK1",4.61986717697442e-36
"Adrenergic signaling in cardiomyocytes: SCN1B",6.11358270319343e-36
"Adrenergic signaling in cardiomyocytes: ATP2B1",7.17337742523167e-36
"Leukocyte transendothelial migration: PECAM1",7.54059511626737e-36
"Salivary secretion: VAMP2",7.54059511626737e-36
"AGE-RAGE signaling pathway in diabetic complications: THBD",9.87121569612479e-36
"AGE-RAGE signaling pathway in diabetic complications: EGR1",1.22893502068435e-35
"PPAR signaling pathway: FABP4",1.33074701230034e-35
"HIF-1 signaling pathway: TEK",1.99985914263592e-35
"Adrenergic signaling in cardiomyocytes: AKT3",2.03993810377976e-35
"cGMP-PKG signaling pathway: KCNJ8",3.18584823412111e-35
"Adrenergic signaling in cardiomyocytes: KCNE1",3.2818045631327e-35
"Leukocyte transendothelial migration: CDH5",6.23367135477152e-35
"Cholinergic synapse: FOS",6.87336438815548e-35
"PPAR signaling pathway: CD36",6.94677503281514e-35
"Adrenergic signaling in cardiomyocytes: SLC9A1",7.15494722396062e-35
"PPAR signaling pathway: SORBS1",1.09178412145703e-34
"Adrenergic signaling in cardiomyocytes: MAPK14",1.38150909416973e-34
"Cellular senescence: FOXM1 LIN54",1.47957688438146e-34
"PPAR signaling pathway: ACADL",1.87133811995922e-34
"AGE-RAGE signaling pathway in diabetic complications: TGFB1",1.9459850354212e-34
"cGMP-PKG signaling pathway: VASP",2.04346601702325e-34
"Aldosterone synthesis and secretion: PDE2A",2.08380313157981e-34
"Melanogenesis: CAMK2A",2.38919230726075e-34
"AGE-RAGE signaling pathway in diabetic complications: COL1A1",2.53331707362485e-34
"Adrenergic signaling in cardiomyocytes: ATP1B4",2.79296316530347e-34
"cGMP-PKG signaling pathway: GMP",3.20144070879343e-34
"Oxytocin signaling pathway: 3,5-Cyclic GMP*",3.85222834188301e-34
"Longevity regulating pathway - mammal: CAT",4.24591013215158e-34
"Insulin signaling pathway: FBP1",4.63426064036471e-34
"Ras signaling pathway: RALBP1*",4.77139585715152e-34
"Ras signaling pathway: RAPGEF5*",5.20745770780962e-34
"AMPK signaling pathway: CD36",6.83354244098685e-34
"Longevity regulating pathway - multiple species: CAT*",8.05743886374088e-34
"AGE-RAGE signaling pathway in diabetic complications: TGFBR2",8.13585991773289e-34
"cGMP-PKG signaling pathway: ATP2B1",8.29498363828081e-34
"Melanogenesis: PRKACA",8.37570093111728e-34
"cGMP-PKG signaling pathway: SLC8A2",8.79114057477883e-34
"Adherens junction: SMAD4 SMAD2",1.15253575709439e-33
"Vibrio cholerae infection: PDIA4",1.55459055004586e-33
"cGMP-PKG signaling pathway: BAD",1.61572051431243e-33
"cGMP-PKG signaling pathway: MAPK1",1.81380583706395e-33
"Ras signaling pathway: PLCE1*",1.88505322395148e-33
"Adipocytokine signaling pathway: Fatty acid",2.05568499911384e-33
"AGE-RAGE signaling pathway in diabetic complications: EDN1",2.63967415064819e-33
"Neurotrophin signaling pathway: ATF4",2.71686804552901e-33
"Adrenergic signaling in cardiomyocytes: D-myo-Inositol 1,4,5-trisphosphate",2.93385418194948e-33
"NOD-like receptor signaling pathway: NLRC4 PYCARD",3.1078109656655e-33
"ErbB signaling pathway: STAT5A",4.22384059795176e-33
"Ras signaling pathway: RASSF5",4.56014204975358e-33
"ErbB signaling pathway: GSK3B",5.57480001260259e-33
"Long-term depression: L-Glutamate",6.0755536118709e-33
"Notch signaling pathway: PTCRA",6.19251111438722e-33
"Regulation of lipolysis in adipocytes: LIPE",6.68447550018536e-33
"AGE-RAGE signaling pathway in diabetic complications: FIGF",6.68447550018536e-33
"Endocrine and other factor-regulated calcium reabsorption: TRPV5",6.94468126825779e-33
"PPAR signaling pathway: OLR1",7.28412570365162e-33
"AGE-RAGE signaling pathway in diabetic complications: FOXO1",7.93716697148704e-33
"Jak-STAT signaling pathway: BCL2L1",8.89915401326141e-33
"Salivary secretion: RYR3",9.32801453210014e-33
"Cholinergic synapse: CREB3",1.03146915502028e-32
"AGE-RAGE signaling pathway in diabetic complications: ICAM1",1.05633133447681e-32
"Alcoholism: PDYN",1.13987690303367e-32
"Chagas disease (American trypanosomiasis): C1QA",1.43199298074517e-32
"cGMP-PKG signaling pathway: CACNA1C",1.53041629723692e-32
"Retrograde endocannabinoid signaling: GRIA1",1.62010655092551e-32
"Glutamatergic synapse: GRIA1",1.62010655092551e-32
"Amphetamine addiction: GRIA1",1.62010655092551e-32
"Influenza A: IL33",1.76451856091282e-32
"cGMP-PKG signaling pathway: ATP1B4",1.86782322872948e-32
"AGE-RAGE signaling pathway in diabetic complications: IL1A",1.90357552379779e-32
"Vascular smooth muscle contraction: ACTA2 MYL9 MYH11",2.45825721374262e-32
"ErbB signaling pathway: CDKN1B",2.60183530427086e-32
"Inflammatory mediator regulation of TRP channels: TRPM8",3.31033376508782e-32
"Jak-STAT signaling pathway: CCND1",3.42212258112075e-32
"Adrenergic signaling in cardiomyocytes: RYR2",4.67142448301606e-32
"Vasopressin-regulated water reabsorption: ARHGDIA",4.94299424537579e-32
"Alzheimer's disease: GAPDH",5.08461530425266e-32
"Jak-STAT signaling pathway: MCL1",7.8351643308371e-32
"Aldosterone synthesis and secretion: ITPR1",7.9836198906525e-32
"Thyroid hormone signaling pathway: RCAN1",8.76884230770288e-32
"Ras signaling pathway: PIK3R5*",9.10398673874549e-32
"Neurotrophin signaling pathway: ATF4*",9.10398673874549e-32
"PPAR signaling pathway: CYP27A1",9.27629741601046e-32
"cGMP-PKG signaling pathway: PDE2A",9.72137128413207e-32
"Jak-STAT signaling pathway: PIM1",9.81289808537411e-32
"Focal adhesion: VCL TLN1",1.67233940122919e-31
"Osteoclast differentiation: TGFBR1",1.76865999939119e-31
"Cell cycle: ORC3 ORC5 ORC4 ORC2 ORC1 ORC6 MCM7 MCM6 MCM5 MCM4 MCM3 MCM2",1.81886577960833e-31
"PPAR signaling pathway: LPL",2.03423628228201e-31
"HTLV-I infection: CCNB2",2.05328716421154e-31
"cGMP-PKG signaling pathway: PPIF",2.52024916213174e-31
"Long-term depression: L-Glutamate*",3.06386370373518e-31
"Jak-STAT signaling pathway: CDKN1A",3.36217760934648e-31
"Taste transduction: P2RY1",3.3935502042826e-31
"Cell cycle: SMC1B SMC3 STAG1 RAD21",4.48267003465297e-31
"Axon guidance: ABLIM3",4.87252243196654e-31
"AGE-RAGE signaling pathway in diabetic complications: F3",4.96362654096046e-31
"Jak-STAT signaling pathway: MYC",5.2960115042521e-31
"Circadian entrainment: PER1",6.08450352290211e-31
"Cholinergic synapse: ITPR1",8.96754251500068e-31
"Proteoglycans in cancer: CTNNB1**",1.02971593220529e-30
"cGMP-PKG signaling pathway: CREB3",1.22655045796628e-30
"Alzheimer's disease: LRP1",1.33240431873973e-30
"Vascular smooth muscle contraction: ITPR1*",1.40796184071163e-30
"Circadian entrainment: FOS",1.42096182120575e-30
"Renal cell carcinoma: SLC2A1*",1.50150179137017e-30
"Platelet activation: MYL12B",1.80412540553088e-30
"Signaling pathways regulating pluripotency of stem cells: MAPK1*",1.9061970701127e-30
"p53 signaling pathway: CDK2 CCNE1",1.94147878847977e-30
"cAMP signaling pathway: HHIP",2.01399828132213e-30
"Adrenergic signaling in cardiomyocytes: ATP2A2 PLN",2.08920566906717e-30
"Tight junction: IGSF5 IGSF5",2.10843900407267e-30
"AGE-RAGE signaling pathway in diabetic complications: MMP2",2.16719979091786e-30
"Focal adhesion: VCL ACTN4",2.20727374663799e-30
"Epstein-Barr virus infection: FGR",2.37505857463177e-30
"Adipocytokine signaling pathway: Diacylglycerol",2.67511039584062e-30
"Pathways in cancer: SLC2A1",3.15359117292356e-30
"Pathways in cancer: E2F1",3.42376726276029e-30
"Toxoplasmosis: Lipoxin A4",3.78535209077874e-30
"Signaling pathways regulating pluripotency of stem cells: MAPK14",4.07189171633473e-30
"Ras signaling pathway: RAF1*",4.14682768518192e-30
"Cell cycle: CDC45 MCM7 MCM6 MCM5 MCM4 MCM3 MCM2",4.5841128602764e-30
"Estrogen signaling pathway: AKT3*",5.02120530567181e-30
"Basal cell carcinoma: HHIP",5.4498201431517e-30
"Salmonella infection: IL18",5.80812262656545e-30
"Renal cell carcinoma: SLC2A1",6.24631102880995e-30
"Adipocytokine signaling pathway: AGRP",6.27436120619593e-30
"AGE-RAGE signaling pathway in diabetic complications: CCL2",7.35584678407727e-30
"Cellular senescence: MYBL2 LIN54",8.20206437273411e-30
"Jak-STAT signaling pathway: BCL2",8.66071522837995e-30
"Pathways in cancer: CSF3R",8.81918490552266e-30
"Fc epsilon RI signaling pathway: AKT3",8.89949545498258e-30
"Pathways in cancer: BIRC5",1.22176341725387e-29
"Salmonella infection: IL1B",1.28987021341462e-29
"HIF-1 signaling pathway: ANGPT1",1.3865727787952e-29
"Renin secretion: ITPR1",1.42466231152823e-29
"Vascular smooth muscle contraction: KCNMB2*",1.78522973268225e-29
"Axon guidance: NCK1 PAK4",1.93609271190936e-29
"Olfactory transduction: ANO2",2.11859071553881e-29
"cGMP-PKG signaling pathway: ITPR1",2.17659709053791e-29
"Tight junction: IGSF5 TJP1 MLLT4",2.40309383247831e-29
"Prion diseases: NOTCH1",2.98166543552972e-29
"Axon guidance: UNC5D DCC",3.11858508241079e-29
"Leukocyte transendothelial migration: MYL12B*",3.1467085476859e-29
"Oocyte meiosis: REC8",3.2325976948345e-29
"Cholinergic synapse: CACNA1A",3.38094516501291e-29
"Alzheimer's disease: Nitric oxide",3.53424799216327e-29
"Signaling pathways regulating pluripotency of stem cells: ID1",3.83322336836521e-29
"Renin secretion: Angiotensin II",3.83322336836521e-29
"Amphetamine addiction: GRIA1*",3.93768840174794e-29
"AGE-RAGE signaling pathway in diabetic complications: SMAD4",5.43472262560036e-29
"Melanogenesis: MITF*",6.38283259645723e-29
"HIF-1 signaling pathway: EDN1",6.61485967071386e-29
"ErbB signaling pathway: CDKN1A",9.28158635165823e-29
"Salivary secretion: PRKCA",9.61797804115995e-29
"Tight junction: ACTB MYL12B",1.06067102829627e-28
"Endocrine and other factor-regulated calcium reabsorption: SLC8A1",1.27826231338667e-28
"Retrograde endocannabinoid signaling: KCNJ3",1.31276579325414e-28
"Retrograde endocannabinoid signaling: KCNJ3*",1.31276579325414e-28
"Maturity onset diabetes of the young: HNF1B",1.50617866278814e-28
"Progesterone-mediated oocyte maturation: PIK3R5",1.56761686377176e-28
"Axon guidance: NFATC2",1.68279259745826e-28
"HTLV-I infection: CREBBP TP53",1.75900039414239e-28
"Fc gamma R-mediated phagocytosis: MARCKS",1.93891961859467e-28
"PPAR signaling pathway: SCD",2.71277124236623e-28
"HIF-1 signaling pathway: TFRC",3.3227863978226e-28
"Toll-like receptor signaling pathway: IFNA1",3.79205454570032e-28
"Salivary secretion: ITPR1",4.25155406719602e-28
"T cell receptor signaling pathway: NFATC1",4.36520076089319e-28
"Ovarian steroidogenesis: CYP17A1",4.37218920304996e-28
"Ovarian steroidogenesis: CYP17A1*",4.37218920304996e-28
"Renal cell carcinoma: RAP1A",5.88401821973385e-28
"AGE-RAGE signaling pathway in diabetic complications: IL6",6.53679558171284e-28
"cGMP-PKG signaling pathway: GTF2I",6.82953667839769e-28
"Regulation of actin cytoskeleton: IQGAP2",7.32519632490608e-28
"Toll-like receptor signaling pathway: IFNB1*",7.65293394702682e-28
"Axon guidance: ROCK1*",7.9255614289008e-28
"Proteoglycans in cancer: MAPK1****",9.44007090834497e-28
"Ras signaling pathway: MLLT4*",9.69075638621376e-28
"Tuberculosis: CAMP",1.15369356487202e-27
"Regulation of lipolysis in adipocytes: PNPLA2 ABHD5",1.66359454436096e-27
"Bladder cancer: RPS6KA5",1.73751526079358e-27
"Proteoglycans in cancer: PDCD4",1.99665341341327e-27
"Insulin signaling pathway: PCK1",2.01406627242621e-27
"Epstein-Barr virus infection: RB1",2.31405672127193e-27
"Tight junction: TJP1 ACTN4",2.63537477352463e-27
"ErbB signaling pathway: BAD",2.82444999642766e-27
"cGMP-PKG signaling pathway: MYL9",2.92397146989219e-27
"Inflammatory mediator regulation of TRP channels: TRPM8*",3.25135783476124e-27
"Progesterone-mediated oocyte maturation: MAPK14",3.5063713599007e-27
"Proteoglycans in cancer: AKT3",3.5063713599007e-27
"Signaling pathways regulating pluripotency of stem cells: SMAD1 SMAD4",3.88938736255112e-27
"Epithelial cell signaling in Helicobacter pylori infection: EGFR",4.13168057905459e-27
"Aldosterone-regulated sodium reabsorption: SCNN1A",5.03811956114389e-27
"T cell receptor signaling pathway: GRAP2 LCP2",5.12568922922741e-27
"AGE-RAGE signaling pathway in diabetic complications: CASP3",5.49131838245765e-27
"Longevity regulating pathway - multiple species: SOD2*",6.19444578765601e-27
"T cell receptor signaling pathway: RHOA",6.75064842655508e-27
"Chagas disease (American trypanosomiasis): TICAM1",6.9867484441491e-27
"ErbB signaling pathway: EIF4EBP1",7.23103364013888e-27
"Signaling pathways regulating pluripotency of stem cells: AKT3*",7.35633319056287e-27
"Signaling pathways regulating pluripotency of stem cells: MAPK1",8.43937717667475e-27
"AMPK signaling pathway: FBP1",9.19508510925007e-27
"Calcium signaling pathway: MYLK4",1.18885539262878e-26
"Progesterone-mediated oocyte maturation: CDK1*",1.2730359464685e-26
"Regulation of actin cytoskeleton: ARPC5 ACTB",1.48466462115769e-26
"Regulation of actin cytoskeleton: ARPC5 ACTB*",1.48466462115769e-26
"Jak-STAT signaling pathway: GFAP",1.53622680102757e-26
"Glucagon signaling pathway: FBP1",1.71642532107772e-26
"Renin secretion: REN",1.80616190659478e-26
"Cocaine addiction: BDNF",1.87021934475601e-26
"Insulin signaling pathway: PPARGC1A",2.0353454242368e-26
"Colorectal cancer: BIRC5",2.14200720931208e-26
"PPAR signaling pathway: APOA1",2.85463891855419e-26
"Oocyte meiosis: CDC25C*",3.27565250876901e-26
"Rap1 signaling pathway: PLCE1",4.08279704430602e-26
"Vibrio cholerae infection: ADCY3",4.18777828119776e-26
"T cell receptor signaling pathway: PAK4",7.18821511123541e-26
"Fc epsilon RI signaling pathway: MAPK8",7.95228409192944e-26
"Tight junction: TJP1 SHROOM1",8.36397354766735e-26
"Insulin resistance: ACACB",9.64869227886065e-26
"Calcium signaling pathway: 3,5-Cyclic AMP",1.17031169595206e-25
"Vascular smooth muscle contraction: ITPR1",1.1801662959915e-25
"Chemokine signaling pathway: MAPK1",1.25148961246509e-25
"p53 signaling pathway: PPM1D",1.27264115381493e-25
"Thyroid hormone signaling pathway: TBC1D4",1.28334940362341e-25
"Olfactory transduction: PDE1A",1.40719882456817e-25
"Hedgehog signaling pathway: HHIP",1.7490225277802e-25
"Proteoglycans in cancer: PRKCA*",2.28442812557587e-25
"Natural killer cell mediated cytotoxicity: ITGAL ITGB2",2.30354905007392e-25
"Legionellosis: IL1B",2.52463842939488e-25
"Amyotrophic lateral sclerosis (ALS): H2O",2.58850202705132e-25
"Fanconi anemia pathway: BRCA1",2.88425749148223e-25
"Glutamatergic synapse: GRM3",3.33222094257998e-25
"Pathways in cancer: HHIP",3.52091436304036e-25
"HIF-1 signaling pathway: HMOX1",4.29657126591648e-25
"Fc epsilon RI signaling pathway: FCER1G MS4A2 FCER1A",4.59099315970495e-25
"Platelet activation: Thromboxane A2*",5.07057978087766e-25
"Fc gamma R-mediated phagocytosis: PLA2G4B",5.07057978087766e-25
"HTLV-I infection: TP53 TBPL2",5.64621741082785e-25
"Tight junction: IGSF5 MAGI1",6.18353992499637e-25
"Pathways in cancer: IL6",6.49767002723554e-25
"Taste transduction: P2RX2*",7.12360656155922e-25
"Taste transduction: P2RX2",7.12360656155922e-25
"Insulin resistance: ACACB*",8.67160045614565e-25
"PPAR signaling pathway: PCK1",1.030729710486e-24
"Vascular smooth muscle contraction: KCNMB2",1.15640170857775e-24
"Pertussis: NOS2",1.30792408578713e-24
"Renal cell carcinoma: ETS1",1.31869782354025e-24
"cGMP-PKG signaling pathway: ATP2A1 PLN",1.41970416434475e-24
"Pathways in cancer: CSF3R*",1.4431705789563e-24
"Tight junction: TJP1 EPB41",1.51590013262212e-24
"Toll-like receptor signaling pathway: IL1B",1.63185541709996e-24
"Ras signaling pathway: D-myo-Inositol 1,4,5-trisphosphate",1.89076681580771e-24
"Rap1 signaling pathway: GNAI1",1.90628804166414e-24
"HIF-1 signaling pathway: PDHA1",2.22637082353648e-24
"Ras signaling pathway: STK4 STK4",2.28156096899892e-24
"Jak-STAT signaling pathway: RAF1",2.84337066027582e-24
"Legionellosis: IL18",3.40082903548854e-24
"HTLV-I infection: POLD3",3.45657986683078e-24
"Leishmaniasis: NOS2 CYBA",3.81061087710054e-24
"Hedgehog signaling pathway: HHIP*",4.41004909478154e-24
"HIF-1 signaling pathway: CDKN1A",5.14424805029715e-24
"ErbB signaling pathway: ERBB3 ERBB3",5.22824642488562e-24
"Staphylococcus aureus infection: C5AR1",5.71510850362664e-24
"Axon guidance: RAC1****",6.71810353487835e-24
"Inflammatory mediator regulation of TRP channels: Arachidonate",7.89515185759413e-24
"Natural killer cell mediated cytotoxicity: FCGR3A",8.76751095562663e-24
"Pathogenic Escherichia coli infection: ROCK1",8.90993810368695e-24
"Tuberculosis: TCIRG1",9.73523282585736e-24
"Insulin signaling pathway: G6PC",1.04664344801197e-23
"Cholinergic synapse: CHRM1*",1.05509634102639e-23
"Jak-STAT signaling pathway: MTOR",1.12519870306089e-23
"Tight junction: IGSF5 MPDZ",1.21934391040326e-23
"Prolactin signaling pathway: CCND1**",1.27943087812682e-23
"ErbB signaling pathway: RPS6KB1",1.38645260443184e-23
"MAPK signaling pathway: NFATC1",1.44318391337784e-23
"Sphingolipid signaling pathway: RAC1",1.51430277344902e-23
"cAMP signaling pathway: MYL9",1.57621139857326e-23
"AMPK signaling pathway: CCNA2",1.80604980785226e-23
"Adherens junction: ACTB TJP1",1.94086054001176e-23
"p53 signaling pathway: CD82",1.9564412935752e-23
"Basal cell carcinoma: BMP2",1.97214589503077e-23
"Fc epsilon RI signaling pathway: MAPK14",2.33234636755617e-23
"Tight junction: TJP1 CTNNB1 CTNNA1",2.50599158766331e-23
"AGE-RAGE signaling pathway in diabetic complications: SELE",2.54628478642172e-23
"Osteoclast differentiation: FOS",2.6710534029613e-23
"Renal cell carcinoma: PDGFB",3.23360824490313e-23
"Calcium signaling pathway: PDE1A",3.2854694076964e-23
"AMPK signaling pathway: PFKFB1",3.88228347447853e-23
"Axon guidance: CDC42",4.10415695452398e-23
"Toll-like receptor signaling pathway: CCL3L3",4.23653121042543e-23
"Pathways in cancer: FIGF**",4.6966308836466e-23
"HIF-1 signaling pathway: HK1",5.2892508938767e-23
"Natural killer cell mediated cytotoxicity: SH2D1B",5.63499283970592e-23
"Melanogenesis: TYRP1",6.0507504548955e-23
"Inflammatory bowel disease (IBD): IL4*",6.24514585913002e-23
"PPAR signaling pathway: GK",6.60032782981576e-23
"Calcium signaling pathway: Sodium cation*",6.60032782981576e-23
"Calcium signaling pathway: Sodium cation",6.60032782981576e-23
"Pathways in cancer: CASP3*",6.75856650135519e-23
"Colorectal cancer: CASP3*",6.75856650135519e-23
"Renin secretion: PDE1A",7.79030778267144e-23
"Salivary secretion: KCNN4",8.83737467735086e-23
"Longevity regulating pathway - mammal: EHMT2",8.9072574700081e-23
"Toll-like receptor signaling pathway: IL6",9.1923012504795e-23
"Tuberculosis: CTSD",1.41608080712608e-22
"Tuberculosis: LAMP1",1.438456500221e-22
"NOD-like receptor signaling pathway: CASP5",1.51955452389368e-22
"Tight junction: ACTB SHROOM1",1.65625133584511e-22
"Ras signaling pathway: RALGDS*",1.98260512977315e-22
"Neurotrophin signaling pathway: FOXO3",2.02961619736542e-22
"Gastric acid secretion: KCNJ1",2.66669632768325e-22
"Toll-like receptor signaling pathway: CCL4L1",2.86026780343748e-22
"Tight junction: TJP1 CGN",3.09168728889263e-22
"HIF-1 signaling pathway: PFKFB3",3.81320542188924e-22
"Wnt signaling pathway: PPARD",3.93340723339953e-22
"Oxytocin signaling pathway: MEF2C",4.2505656590781e-22
"Proteoglycans in cancer: ACTB",4.45287413385908e-22
"Insulin secretion: PRKCA",4.48750645769243e-22
"HIF-1 signaling pathway: FLT1",5.00128944304472e-22
"Pathways in cancer: CCND1***",5.1187390637021e-22
"Staphylococcus aureus infection: FPR1",5.23891745314765e-22
"p53 signaling pathway: GADD45G",5.53030045825106e-22
"Pathways in cancer: CSF1R",5.79278178755642e-22
"MAPK signaling pathway: MAP3K4",6.40452631956624e-22
"Choline metabolism in cancer: RPS6KB1",6.60530908097569e-22
"Axon guidance: CFL1**",7.19013575427828e-22
"Thyroid hormone signaling pathway: CCND1",7.53044872836661e-22
"Pathogenic Escherichia coli infection: TLR4",7.58869516327475e-22
"MAPK signaling pathway: NFATC3",7.64738735362842e-22
"MAPK signaling pathway: NR4A1",8.98909837172534e-22
"Legionellosis: CXCL1",9.05849724385437e-22
"PPAR signaling pathway: ACSL1",9.26989045442027e-22
"Tight junction: AKT3",1.05633035257122e-21
"Renal cell carcinoma: AKT3",1.0726750073842e-21
"Neurotrophin signaling pathway: JUN",1.18518563894737e-21
"Sphingolipid signaling pathway: PTEN",1.20350156702902e-21
"Axon guidance: CDC42*",1.27960800345342e-21
"Hippo signaling pathway: NKD1",1.49134063599072e-21
"Legionellosis: IL1B*",1.63465010797661e-21
"HIF-1 signaling pathway: NOS2",1.80530019225745e-21
"Serotonergic synapse: PRKACA",2.00881598683169e-21
"Renal cell carcinoma: EGLN2",2.0868700801725e-21
"Olfactory transduction: PRKG1",2.1028372018259e-21
"Hepatitis B: IFNB1",2.1514672741111e-21
"Toll-like receptor signaling pathway: CCL5",2.18450370653314e-21
"Thyroid hormone signaling pathway: THRB",2.20120961199003e-21
"Vibrio cholerae infection: Cl-*",2.2349986367555e-21
"Apoptosis: PTPN13",2.43023770027674e-21
"AGE-RAGE signaling pathway in diabetic complications: TNF",2.44880147468502e-21
"Bile secretion: CFTR",2.60241704122587e-21
"Cellular senescence: IL1A*",3.19485623770556e-21
"AMPK signaling pathway: SLC2A4*",3.21919251696893e-21
"Thyroid hormone signaling pathway: CTNNB1*",3.36908318302517e-21
"Chemokine signaling pathway: PARD3 PRKCZ TIAM1",4.63012110338283e-21
"Cellular senescence: CDK1 CCNB3",4.63012110338283e-21
"Leishmaniasis: STAT1",6.07529131918252e-21
"Insulin signaling pathway: RPS6",6.2141610234186e-21
"Legionellosis: IL6",6.26114497070983e-21
"Adipocytokine signaling pathway: IRS1",6.45261985995698e-21
"Hepatitis C: MAPK14",7.90548412461058e-21
"Neurotrophin signaling pathway: NGFRAP1 YWHAE",8.02515429765503e-21
"Tight junction: PARD6A MPP5",8.2698947810534e-21
"Influenza A: IL1B",8.84787511815668e-21
"Tight junction: TJP1 ACTB CTTN",9.75391207822337e-21
"Regulation of lipolysis in adipocytes: PLIN1",1.05125022324812e-20
"Cocaine addiction: NFKB1",1.05127619169544e-20
"Amphetamine addiction: MAOA",1.12454770139361e-20
"Amphetamine addiction: MAOA*",1.12454770139361e-20
"Retrograde endocannabinoid signaling: MAPK14*",1.15007640897252e-20
"Retrograde endocannabinoid signaling: MAPK14",1.15007640897252e-20
"Pertussis: NFKB1",1.28657237873911e-20
"MAPK signaling pathway: ECSIT TRAF6",1.32560036046263e-20
"AGE-RAGE signaling pathway in diabetic complications: SERPINE1",1.42836646356459e-20
"TGF-beta signaling pathway: SMAD4",1.44984576278768e-20
"Renal cell carcinoma: JUN",1.44984576278768e-20
"Hepatitis B: IL6",1.55052267675939e-20
"Vascular smooth muscle contraction: NPR2",1.60940966607309e-20
"Non-small cell lung cancer: FOXO3*",1.79966413688819e-20
"p53 signaling pathway: FAS",2.53291936626178e-20
"Fanconi anemia pathway: RAD51C",2.60916325143238e-20
"Tuberculosis: FCGR1A",3.21025293897619e-20
"AMPK signaling pathway: MLYCD",3.35587294953742e-20
"Huntington's disease: CASP3",3.35587294953742e-20
"FoxO signaling pathway: SMAD2",3.48219658256415e-20
"Chemokine signaling pathway: NCF1",3.6132190832824e-20
"Pancreatic secretion: CFTR",4.37716906048676e-20
"AMPK signaling pathway: FOXO1",4.44220865651094e-20
"Cholinergic synapse: KCNJ3",5.29873257697524e-20
"Osteoclast differentiation: NFKB2",5.96184279569843e-20
"Carbohydrate digestion and absorption: SLC2A5",6.46315491410221e-20
"Pancreatic secretion: PRKCA",7.37481235457429e-20
"Longevity regulating pathway - multiple species: SIRT1**",7.70609426900888e-20
"Longevity regulating pathway - mammal: PPARG",7.76271858430856e-20
"Pathways in cancer: CSF2RA",8.11120374795232e-20
"NOD-like receptor signaling pathway: PYCARD CASP1",8.66311847848338e-20
"Oxytocin signaling pathway: FOS",1.11039933188151e-19
"Pancreatic secretion: KCNMA1",1.1770490030035e-19
"Adipocytokine signaling pathway: 9-cis-Retinoic acid",1.24767861292858e-19
"Retrograde endocannabinoid signaling: ADCY1",1.36152288042263e-19
"Apoptosis: BCL2A1",1.48562161373674e-19
"Dopaminergic synapse: KCNJ3",1.50736455945766e-19
"Ras signaling pathway: PRKCA",1.62088620787607e-19
"Proteoglycans in cancer: SMAD2",1.83357484262071e-19
"cAMP signaling pathway: PTCH1",2.01461903058767e-19
"Morphine addiction: PRKACA",2.27824862840783e-19
"Cytosolic DNA-sensing pathway: IKBKE",2.95421983614873e-19
"Prion diseases: FYN",3.22091174866947e-19
"Gastric acid secretion: MYLK4",3.74604642683976e-19
"Prion diseases: PRNP*",4.02500698364443e-19
"Prion diseases: PRNP**",4.02500698364443e-19
"Prion diseases: PRNP PRNP*",4.02500698364443e-19
"Prion diseases: PRNP PRNP***",4.02500698364443e-19
"Aldosterone synthesis and secretion: KCNK3",4.17208588141692e-19
"Adrenergic signaling in cardiomyocytes: CREB3",4.2628686964413e-19
"Hippo signaling pathway: BIRC5",4.29356116156452e-19
"Fc epsilon RI signaling pathway: PRKCA",4.29356116156452e-19
"Pathways in cancer: SMAD2 SMAD4",4.41852932428085e-19
"Pancreatic cancer: SMAD2 SMAD4",4.41852932428085e-19
"Estrogen signaling pathway: ESR1 Estradiol-17beta",4.45032868518229e-19
"Estrogen signaling pathway: ESR1 Estradiol-17beta*",4.45032868518229e-19
"Prostate cancer: RB1",5.06295513905098e-19
"Progesterone-mediated oocyte maturation: ANAPC10",5.67700103127564e-19
"Oxytocin signaling pathway: JUN",6.05415009844773e-19
"AGE-RAGE signaling pathway in diabetic complications: VCAM1",6.3192250860244e-19
"Wnt signaling pathway: CCND1",6.3645052941305e-19
"p53 signaling pathway: CDK4 CCND1",7.4990985124229e-19
"Longevity regulating pathway - mammal: RPS6KB1",8.46400768154722e-19
"NF-kappa B signaling pathway: BCL2A1",8.52443869160007e-19
"Adherens junction: CTNND1**",8.52443869160007e-19
"Adherens junction: RHOA",8.95955462673395e-19
"Fanconi anemia pathway: FANCM C19orf40",9.21796638545974e-19
"Fanconi anemia pathway: FANCM STRA13",9.41659311723862e-19
"Jak-STAT signaling pathway: AOX1",1.04008500204707e-18
"Type II diabetes mellitus: D-Glucose*",1.04749205370881e-18
"Thyroid hormone signaling pathway: PFKFB2",1.14865836301001e-18
"Chronic myeloid leukemia: SMAD4 SMAD3",1.31410149724554e-18
"Proteoglycans in cancer: AKT3*",1.44064375925221e-18
"Osteoclast differentiation: MAP2K1",1.7554948435814e-18
"PPAR signaling pathway: APOA5",1.78876280628124e-18
"Pancreatic secretion: KCNQ1",1.92388207526358e-18
"Insulin secretion: CAMK2A",1.99283993371945e-18
"HTLV-I infection: DLG1 CTNNB1 APC2",2.16839804577555e-18
"Antigen processing and presentation: CD4 HLA-DMA",2.26181826952703e-18
"Renal cell carcinoma: TGFA*",2.29383290863618e-18
"HIF-1 signaling pathway: PFKL",2.31000760342289e-18
"p53 signaling pathway: GTSE1",2.37584020815898e-18
"Complement and coagulation cascades: PLAUR",2.75306416266438e-18
"Proteoglycans in cancer: MAPK1******",2.81157280153464e-18
"Retrograde endocannabinoid signaling: PRKACA",3.16706560808481e-18
"Osteoclast differentiation: NFKB1",3.51735876688131e-18
"PPAR signaling pathway: CPT1C",3.56686513402156e-18
"Ras signaling pathway: RHOA",3.59187565381642e-18
"Amphetamine addiction: ARC",3.71940922985218e-18
"Axon guidance: GNAI1*",3.85170023579918e-18
"NOD-like receptor signaling pathway: NLRP3 PYCARD",4.01641168146277e-18
"Gap junction: GJA1 TJP1",5.12540084323729e-18
"Olfactory transduction: CNGB1*",5.19719095086935e-18
"p53 signaling pathway: RCHY1",5.38103775460826e-18
"Thyroid hormone signaling pathway: RCAN2",5.57130134948339e-18
"cAMP signaling pathway: F2R",6.490454231076e-18
"Apoptosis: CFLAR*",6.62686897409486e-18
"Wnt signaling pathway: MYC",7.0046312140436e-18
"Thyroid hormone signaling pathway: MYC",7.10234551764432e-18
"Hepatitis C: TRAF6 RIPK1",7.10234551764432e-18
"p53 signaling pathway: PTEN",7.30182796243253e-18
"Neurotrophin signaling pathway: NFKB1*",7.40363287932757e-18
"NOD-like receptor signaling pathway: CASP1",7.45505942721338e-18
"Axon guidance: UNC5D PTPN11",7.71752826453507e-18
"Wnt signaling pathway: MMP7",8.32748993112367e-18
"Chemokine signaling pathway: PXN PTK2B",9.10991625244835e-18
"Retrograde endocannabinoid signaling: CACNA1A",9.17302366871277e-18
"Retrograde endocannabinoid signaling: CACNA1A*",9.17302366871277e-18
"Regulation of lipolysis in adipocytes: PNPLA2 ABHD5*",9.62701962313344e-18
"Proteoglycans in cancer: CD63",1.06025622762388e-17
"Dopaminergic synapse: SCN1A",1.06745273509888e-17
"Pathways in cancer: NOS2",1.1126292283342e-17
"Measles: IRF3",1.31232983537632e-17
"Gap junction: GJA1 GJA1",1.33965703736141e-17
"Gap junction: GJA1 GJA1*",1.33965703736141e-17
"Focal adhesion: ZYX ACTB",1.34889030128214e-17
"Tuberculosis: TGFB1",1.36754563020294e-17
"Adherens junction: CDH1*",1.51581549672707e-17
"HTLV-I infection: CHUK IKBKG",1.52624580389387e-17
"Tight junction: ACTB MLLT4",1.65707092793379e-17
"Wnt signaling pathway: ROCK2",1.71479236743712e-17
"Measles: IRF7",1.84885456527447e-17
"Thyroid hormone signaling pathway: PLN",2.20822319934786e-17
"Neurotrophin signaling pathway: GSK3B",2.31622260022092e-17
"HTLV-I infection: MYC TRRAP KAT5",2.76495962562335e-17
"Estrogen signaling pathway: ESR1 FOS",3.10367627365038e-17
"HIF-1 signaling pathway: D-myo-Inositol 1,4,5-trisphosphate",3.27692963972609e-17
"Platelet activation: ITPR1",4.12605289930529e-17
"Gap junction: GJA1 GJA1***",4.56649581268675e-17
"Chemokine signaling pathway: CRK PTK2B",5.05324767393063e-17
"PI3K-Akt signaling pathway: C8orf44-SGK3",5.15656859158778e-17
"Leukocyte transendothelial migration: SIPA1",5.55355139368251e-17
"Amyotrophic lateral sclerosis (ALS): SLC1A2",6.48355807845207e-17
"Melanogenesis: TYR*",7.07549656322013e-17
"Adipocytokine signaling pathway: PPARGC1A",7.877601514652e-17
"AMPK signaling pathway: GYS1",8.14617854392463e-17
"Legionellosis: CASP7",8.36752460851749e-17
"Tight junction: MYL12B CGN",8.48041128856382e-17
"AMPK signaling pathway: SIRT1",8.7107091016016e-17
"Pancreatic cancer: E2F1",8.76924056984305e-17
"Insulin resistance: CPT1B",9.30884830622447e-17
"Serotonergic synapse: KCNJ3",9.4392476652362e-17
"Herpes simplex infection: SRSF8 C1QBP",9.95799032541898e-17
"Glioma: E2F1",1.02278036279737e-16
"Apoptosis: BAX*",1.13053489178617e-16
"Non-small cell lung cancer: RB1",1.13810391462722e-16
"Prion diseases: CCL5",1.18457872498208e-16
"Pertussis: FOS",1.18457872498208e-16
"Proteoglycans in cancer: KDR**",1.33552389111704e-16
"HIF-1 signaling pathway: SLC2A1",1.36246215675581e-16
"Proteoglycans in cancer: CDKN1A",1.44653262855835e-16
"Axon guidance: ROCK1",1.6088042628253e-16
"PPAR signaling pathway: UCP1",1.69654266704623e-16
"B cell receptor signaling pathway: BLNK GRB2",1.70783641376191e-16
"Estrogen signaling pathway: CREB3",1.71920427368879e-16
"Taste transduction: PRKACA",1.76542647429893e-16
"Fanconi anemia pathway: RAD51",2.15341705585393e-16
"Influenza A: IL18",2.42537377981085e-16
"Insulin signaling pathway: Starch",2.47387982962025e-16
"Apoptosis: GADD45G",2.57377843013633e-16
"Chemokine signaling pathway: WAS",3.01470100747312e-16
"Proteoglycans in cancer: CTTN",3.28380437347343e-16
"Fc gamma R-mediated phagocytosis: NCF1",3.48383877371107e-16
"Tight junction: CTNNA1 ACTB ACTN4",3.52989606881872e-16
"Chemokine signaling pathway: NFKB1",3.72020273185095e-16
"HIF-1 signaling pathway: BCL2",4.10467577926177e-16
"Ras signaling pathway: TIAM1*",4.38248026629659e-16
"Renin secretion: PPP3CA",4.49871892191867e-16
"Pertussis: IL1B",4.74038582356837e-16
"Longevity regulating pathway - mammal: SOD2",5.1270619464832e-16
"PPAR signaling pathway: NR1H3",5.47290553668341e-16
"Toxoplasmosis: STAT3",5.80375855132449e-16
"Epstein-Barr virus infection: STAT3",5.80375855132449e-16
"Olfactory transduction: PRKG1*",6.39950557906511e-16
"TNF signaling pathway: DNM1L",6.52569175846291e-16
"Glucagon signaling pathway: CPT1C",7.52904734307974e-16
"Neurotrophin signaling pathway: RHOA",7.77747313319801e-16
"Influenza A: CASP9",8.03397115358009e-16
"Huntington's disease: DLG4 HTT",1.0342237237133e-15
"Melanoma: RB1",1.0342237237133e-15
"Chronic myeloid leukemia: RB1",1.0342237237133e-15
"Salmonella infection: FOS",1.07510921192665e-15
"ErbB signaling pathway: STAT5A*",1.22323366132407e-15
"Pathways in cancer: MYC**",1.23910803967864e-15
"Glucagon signaling pathway: PCK1",1.25518530843468e-15
"Hippo signaling pathway: SMAD7",1.31309064301846e-15
"Small cell lung cancer: RB1",1.42769436805098e-15
"Tuberculosis: IL6",1.47434880618519e-15
"Prolactin signaling pathway: CCND1",1.51237069584714e-15
"Hepatitis B: PCNA",1.62350931091367e-15
"Progesterone-mediated oocyte maturation: PRKACA",1.65507779296358e-15
"RIG-I-like receptor signaling pathway: MAPK14",1.83393290382836e-15
"Staphylococcus aureus infection: C3AR1",1.89363320001741e-15
"Herpes simplex infection: EIF2S1",1.89363320001741e-15
"HIF-1 signaling pathway: VEGFA",2.00595517060622e-15
"Apoptosis: BAK1*",2.03179295110915e-15
"Tuberculosis: NOS2",2.05795842569896e-15
"Toll-like receptor signaling pathway: TNF",2.15217767121046e-15
"Leishmaniasis: JUN",2.15217767121046e-15
"B cell receptor signaling pathway: VAV3",2.27958061433711e-15
"HTLV-I infection: PTTG2",2.30888550311864e-15
"Sphingolipid signaling pathway: NFKB1",2.33856131065808e-15
"HTLV-I infection: NFKB1",2.4926677910455e-15
"Pathways in cancer: STK4",3.09525143685328e-15
"Bile secretion: CYP7A1",3.24112788772038e-15
"Bile secretion: SLC51A SLC51B",3.51432115311556e-15
"Longevity regulating pathway - mammal: ATG5",3.67405830436556e-15
"Complement and coagulation cascades: C2",4.88419398154185e-15
"Fc gamma R-mediated phagocytosis: MYO10",5.33518526104891e-15
"Proteoglycans in cancer: TNF",6.08955229472112e-15
"Aldosterone synthesis and secretion: CYP11B2",6.32373673495291e-15
"Chronic myeloid leukemia: PTPN11",6.56678045877293e-15
"p53 signaling pathway: THBS1",6.69172703384203e-15
"Choline metabolism in cancer: PLA2G4B",7.5391917793394e-15
"Pathways in cancer: BMP2",7.58660906115651e-15
"Insulin resistance: CPT1A",7.68232588518047e-15
"Influenza A: ATF2",7.73062901074087e-15
"Hippo signaling pathway: ID1",7.77923101876926e-15
"Neurotrophin signaling pathway: ZNF274",7.82813372783656e-15
"Cellular senescence: NFKB1",8.17902035034994e-15
"Inflammatory mediator regulation of TRP channels: TRPV2",8.23040248353189e-15
"Pancreatic secretion: KCNMA1*",8.65292502760915e-15
"Regulation of actin cytoskeleton: ACTB ARPC5",8.70730291199374e-15
"Aldosterone-regulated sodium reabsorption: FXYD4",9.03392174848072e-15
"Hepatitis C: IRF3",9.92837408117871e-15
"Inflammatory mediator regulation of TRP channels: TRPV1",1.01793665200685e-14
"Inflammatory mediator regulation of TRP channels: TRPV1**",1.01793665200685e-14
"Chemokine signaling pathway: GSK3A",1.03716986021978e-14
"Sphingolipid signaling pathway: D-myo-Inositol 1,4,5-trisphosphate",1.14594646208727e-14
"HIF-1 signaling pathway: LTBR",1.20446916139705e-14
"TNF signaling pathway: JUN*",1.21955342504253e-14
"Adipocytokine signaling pathway: NFKBIA",1.24252898227068e-14
"Inflammatory bowel disease (IBD): FOXP3*",1.24252898227068e-14
"AMPK signaling pathway: PFKL",1.31404147228277e-14
"Ras signaling pathway: ETS1",1.34711043078053e-14
"Prolactin signaling pathway: ELF5",1.40574397177544e-14
"Thyroid hormone signaling pathway: SLC2A1",1.50634146706057e-14
"Tuberculosis: ITGAX ITGB2",1.51571113482121e-14
"Longevity regulating pathway - mammal: PPARGC1A",1.5441655281585e-14
"Tuberculosis: ITGB2 ITGAM",1.56342642297046e-14
"Tuberculosis: IL23A",1.60266002364969e-14
"Choline metabolism in cancer: WASF2",1.62263846283614e-14
"Hippo signaling pathway: ID2",1.63271936301002e-14
"Hepatitis B: E2F1",1.65306636421592e-14
"Basal cell carcinoma: PTCH1",1.81382983285429e-14
"Apoptosis: BCL2*",2.09065203462522e-14
"Sphingolipid signaling pathway: Nitric oxide",2.33591888509747e-14
"Influenza A: GSK3B",2.42380141317045e-14
"Fc gamma R-mediated phagocytosis: ARPC5",2.43876135505987e-14
"Longevity regulating pathway - multiple species: RPS6KB1",2.48418822648664e-14
"cGMP-PKG signaling pathway: CNGB1",2.69084698105701e-14
"Olfactory transduction: PDE2A",2.91439218130035e-14
"Insulin resistance: Starch*",3.11773563040435e-14
"Gastric acid secretion: KCNQ1",3.13689885287676e-14
"Melanogenesis: DCT",3.15472515102631e-14
"Alcoholism: CRH",3.63090326876736e-14
"Prolactin signaling pathway: GCK",3.71494887316854e-14
"Proteoglycans in cancer: PXN",3.76887887705189e-14
"PI3K-Akt signaling pathway: PCK1",3.79197148148115e-14
"Aldosterone-regulated sodium reabsorption: ATP1B4",3.88574143056138e-14
"PPAR signaling pathway: HMGCS2",3.90648582744422e-14
"Wnt signaling pathway: JUN",3.98179067707565e-14
"Renin secretion: KCNMA1",4.00616547755456e-14
"Amyotrophic lateral sclerosis (ALS): NEFL PRPH",4.10922046045319e-14
"Insulin resistance: D-Glucose*",4.47086032536409e-14
"Melanogenesis: TYR",4.49817601526816e-14
"Alcoholism: FOSB",5.28365477408426e-14
"Apoptosis: PMAIP1",5.36579764810607e-14
"Apoptosis: BAK1",5.49770893121439e-14
"Complement and coagulation cascades: F2R",6.05798900052815e-14
"Bladder cancer: ERBB2",6.13185642151681e-14
"Renal cell carcinoma: VEGFA*",6.3204210154663e-14
"Oxytocin signaling pathway: KCNJ2",6.79654547770304e-14
"p53 signaling pathway: SESN3",6.83777798838406e-14
"TNF signaling pathway: JUN",7.04765768155802e-14
"Cellular senescence: NFATC1",7.17661179811927e-14
"Hippo signaling pathway: CTGF",7.30788468245221e-14
"Pancreatic secretion: CLCA1",7.53181692152906e-14
"Tuberculosis: IL1A",8.09757981841497e-14
"Complement and coagulation cascades: C3",1.03015799271151e-13
"Long-term depression: GNA13*",1.07820712473059e-13
"Adherens junction: CDH1 CTNNB1",1.15455222150308e-13
"HIF-1 signaling pathway: NOS3",1.19681784261784e-13
"T cell receptor signaling pathway: FOS",1.20400842448917e-13
"Pancreatic cancer: CDK4",1.28596142641079e-13
"Hepatitis C: EIF2S1",1.3014400148482e-13
"Measles: EIF2S1",1.3014400148482e-13
"Endometrial cancer: FOXO3",1.36520618929506e-13
"Regulation of actin cytoskeleton: PXN",1.54756290752405e-13
"Parkinson's disease: PRKACA*",1.6374412411122e-13
"Toll-like receptor signaling pathway: IL12A",1.73304729753191e-13
"Leukocyte transendothelial migration: ACTB CTNNA1 CTNNB1",1.82836891505173e-13
"Ras signaling pathway: KSR2",1.90605203177343e-13
"Insulin signaling pathway: D-Glucose",2.1336243191279e-13
"Prolactin signaling pathway: CCND2",2.18914863851434e-13
"Ras signaling pathway: PLA2G4B",2.25053943358351e-13
"HTLV-I infection: CREB1 CRTC2",2.41626353255727e-13
"Glucagon signaling pathway: PKM",2.44502598449021e-13
"Apoptosis: BCL2L1",2.70347940580023e-13
"p53 signaling pathway: DDB2",2.95368400523299e-13
"Acute myeloid leukemia: EIF4EBP1",3.15148766965402e-13
"Renal cell carcinoma: TGFB1",3.36228599222967e-13
"Tuberculosis: IFNA1",3.42214047175285e-13
"Tuberculosis: IFNB1",3.42214047175285e-13
"Glioma: E2F1*",3.5035768039845e-13
"Renal cell carcinoma: SOS1",3.69383066682892e-13
"Thyroid hormone signaling pathway: HIF1A",3.84878679990858e-13
"Pathways in cancer: TGFA*",3.89422051587214e-13
"Wnt signaling pathway: MAPK8",4.30228269368417e-13
"Prion diseases: BAX",5.21780840751017e-13
"Pathways in cancer: PDGFB",5.49906568884445e-13
"Regulation of lipolysis in adipocytes: PDE3B",5.53122064522536e-13
"cGMP-PKG signaling pathway: 3,5-Cyclic AMP",6.43517831047624e-13
"Insulin signaling pathway: GCK",6.51043414416288e-13
"Cell cycle: CDC6 ORC3 ORC5 ORC4 ORC2 ORC1 ORC6",6.85991581453455e-13
"Vascular smooth muscle contraction: ACTA2",6.9400442090934e-13
"Leishmaniasis: Nitric oxide",7.10306703080498e-13
"Huntington's disease: HTT**",7.14440655172515e-13
"Non-alcoholic fatty liver disease (NAFLD): IL6*",7.79359095227757e-13
"Prostate cancer: Phosphatidylinositol-3,4,5-trisphosphate",8.02259097595082e-13
"Huntington's disease: HIP1",8.59947892309376e-13
"AMPK signaling pathway: EEF2",8.74994776072243e-13
"Influenza A: DNAJC3 HSPA1A",9.43239350783888e-13
"AGE-RAGE signaling pathway in diabetic complications: CXCL8",1.08322223462042e-12
"Cocaine addiction: PDYN",1.11764644262303e-12
"Hepatitis C: STAT1 IRF9",1.16066621849909e-12
"AMPK signaling pathway: ACACB",1.18086089931589e-12
"Leishmaniasis: NFKB1",1.2651445520766e-12
"Proteoglycans in cancer: CDKN1A*",1.29452970297009e-12
"Amyotrophic lateral sclerosis (ALS): NEFH PRPH",1.42249102685944e-12
"Proteoglycans in cancer: FLNA",1.47695355879985e-12
"PI3K-Akt signaling pathway: RBL2",1.5461379550082e-12
"Adherens junction: ACTB VCL",1.67494024623948e-12
"Proteoglycans in cancer: MAPK1*****",1.68876338501999e-12
"MAPK signaling pathway: ELK1",1.77332883322324e-12
"Adrenergic signaling in cardiomyocytes: ACTC1 MYH6",1.90574243132129e-12
"Adrenergic signaling in cardiomyocytes: ACTC1 TPM1",1.93865784853274e-12
"Pathways in cancer: FOXO1",1.9987604121937e-12
"Colorectal cancer: SMAD2 SMAD4",2.1278284249087e-12
"GABAergic synapse: GABRR3",2.18916516041101e-12
"Thyroid hormone signaling pathway: BMP4",2.22679612821109e-12
"Oocyte meiosis: REC8*",2.23948021594221e-12
"Thyroid hormone signaling pathway: NOTCH1",2.25223516066659e-12
"Glutamatergic synapse: PLA2G4B",2.27795917416185e-12
"Non-small cell lung cancer: FOXO3",2.33027468566004e-12
"Platelet activation: ORAI1",2.37028289631538e-12
"Chemokine signaling pathway: ROCK1",2.41096458279081e-12
"Apoptosis: PIDD1",2.41096458279081e-12
"Progesterone-mediated oocyte maturation: CDK1",2.41096458279081e-12
"PPAR signaling pathway: AQP7",2.42467672004339e-12
"Epstein-Barr virus infection: CR2",2.52282662983266e-12
"Prolactin signaling pathway: IRF1",2.68807507810412e-12
"Hippo signaling pathway: YWHAQ YAP1",2.93924942796592e-12
"MAPK signaling pathway: FOS",3.16309652936663e-12
"p53 signaling pathway: ZMAT3",3.29046782478241e-12
"Non-alcoholic fatty liver disease (NAFLD): GSK3A",3.70351668618752e-12
"Sphingolipid signaling pathway: MAPK1",3.72440505097041e-12
"p53 signaling pathway: SHISA5",4.09769891686408e-12
"Fc gamma R-mediated phagocytosis: DNM2 AMPH",4.33416701019308e-12
"PPAR signaling pathway: MMP1",4.4076802904944e-12
"Glucagon signaling pathway: G6PC",4.43245528491864e-12
"Hippo signaling pathway: ITGB2",4.71415323508204e-12
"Hepatitis B: MMP9*",5.51279410161508e-12
"Gastric acid secretion: EZR",5.7323263222665e-12
"NOD-like receptor signaling pathway: NLRP3 CARD8 CASP1",5.86159668362512e-12
"Chronic myeloid leukemia: TP53",6.3723046967655e-12
"Non-alcoholic fatty liver disease (NAFLD): CEBPA",7.82583104486624e-12
"Proteoglycans in cancer: SLC9A1",8.00120450618989e-12
"GABAergic synapse: PRKACA",8.83922722130099e-12
"NF-kappa B signaling pathway: CXCL12",9.81707639797276e-12
"Insulin signaling pathway: ACACA",9.98086640762358e-12
"B cell receptor signaling pathway: CD79A",1.09608365289914e-11
"Inflammatory bowel disease (IBD): SMAD2",1.12665854017182e-11
"Salmonella infection: KLC3",1.13287301117409e-11
"Axon guidance: ILK",1.14539983109283e-11
"Chagas disease (American trypanosomiasis): FOS",1.21011686360877e-11
"Thyroid hormone synthesis: TG",1.23689590756873e-11
"Non-alcoholic fatty liver disease (NAFLD): IL1A",1.38039563043423e-11
"Staphylococcus aureus infection: FPR2",1.73656171740654e-11
"Non-small cell lung cancer: STK4",1.78453948998184e-11
"Regulation of actin cytoskeleton: CFL1 ACTB",1.86401636050481e-11
"NF-kappa B signaling pathway: CXCL2",1.88442096358626e-11
"Cocaine addiction: PRKACA",1.90988792847975e-11
"Thyroid cancer: CDH1",1.9363941023143e-11
"B cell receptor signaling pathway: GSK3B",2.17043605913868e-11
"Tight junction: LLGL2",2.31638122614138e-11
"AMPK signaling pathway: CFTR",2.56732516097764e-11
"Insulin secretion: CACNA1C",2.72260026812818e-11
"Epithelial cell signaling in Helicobacter pylori infection: CCL5",2.89123955951375e-11
"Legionellosis: TNF",2.93839937502316e-11
"Estrogen signaling pathway: CREB3*",3.03985270721421e-11
"Influenza A: NLRP3 PYCARD CASP1",3.10110078353903e-11
"Oxytocin signaling pathway: PTGS2",3.13468333488528e-11
"Prolactin signaling pathway: CSN2",3.4245739399991e-11
"Prolactin signaling pathway: INS",3.4245739399991e-11
"Endometrial cancer: CCND1",3.50950424031783e-11
"Circadian rhythm: PER1",3.58571381084174e-11
"NF-kappa B signaling pathway: BCL2L1*",3.70307374258363e-11
"Thyroid hormone signaling pathway: THRA Triiodothyronine",3.70307374258363e-11
"Amphetamine addiction: GRIN3A",3.78339330068887e-11
"Amphetamine addiction: GRIN3A*",3.78339330068887e-11
"Alcoholism: GRIN3A",3.78339330068887e-11
"p53 signaling pathway: MDM2*",3.88619305729195e-11
"Hippo signaling pathway: CTGF*",3.88619305729195e-11
"Apoptosis: PARP2",3.97039624543372e-11
"Axon guidance: CFL1*",4.01316469698918e-11
"Chagas disease (American trypanosomiasis): AKT3",4.07816384792679e-11
"Prolactin signaling pathway: ESR1",4.07840829642669e-11
"Hedgehog signaling pathway: SMO",4.12206771322355e-11
"MAPK signaling pathway: HSPB1",4.66142018831309e-11
"Pathways in cancer: CCNA1",4.76177251874472e-11
"Acute myeloid leukemia: CCNA1",4.76177251874472e-11
"Cocaine addiction: PRKACA**",4.95715295926211e-11
"Prostate cancer: NFKBIA",5.0767366662305e-11
"AMPK signaling pathway: CPT1C",5.29775782248479e-11
"Glucagon signaling pathway: CPT1C*",5.29775782248479e-11
"Glutamatergic synapse: GRIN3A DLG4",5.35446751047762e-11
"Small cell lung cancer: NOS2",5.67714716281513e-11
"Cell cycle: RB1*",6.90836390085156e-11
"Regulation of actin cytoskeleton: ACTN4",6.90836390085156e-11
"Inflammatory bowel disease (IBD): IL13",7.4445232386686e-11
"TGF-beta signaling pathway: SMAD4*",8.31141251453241e-11
"AMPK signaling pathway: ACACA",8.94752262952197e-11
"Sphingolipid signaling pathway: SMPD1",9.83568196597316e-11
"Osteoclast differentiation: AKT3",9.88747410714197e-11
"MAPK signaling pathway: TP53",9.93953284235876e-11
"Oxytocin signaling pathway: CCND1",9.93953284235876e-11
"Chronic myeloid leukemia: NFKBIA",1.09811228188519e-10
"Sphingolipid signaling pathway: PRKCA",1.20029971501617e-10
"Pathways in cancer: RARB RXRA",1.2713137003895e-10
"Small cell lung cancer: RXRA RARB",1.2713137003895e-10
"Non-small cell lung cancer: RARB RXRA",1.2713137003895e-10
"Measles: TP53",1.28465933706976e-10
"Amyotrophic lateral sclerosis (ALS): NEFM PRPH",1.32372971577552e-10
"Hepatitis B: TNF*",1.34642866941715e-10
"RIG-I-like receptor signaling pathway: CHUK IKBKB IKBKG",1.48651407166111e-10
"PI3K-Akt signaling pathway: CDKN1B",1.50206321260507e-10
"Morphine addiction: 3,5-Cyclic AMP*",1.51484589489505e-10
"Ras signaling pathway: MLLT4",1.60707745843078e-10
"Leukocyte transendothelial migration: CDC42",1.61544627804339e-10
"Vibrio cholerae infection: Potassium cation",1.9168175859828e-10
"Thyroid hormone signaling pathway: WNT4",2.02898464564522e-10
"Axon guidance: PTK2",2.05005645928003e-10
"p53 signaling pathway: CCNG1",2.07134200576198e-10
"Oxytocin signaling pathway: MYL9 ACTB",2.1586641009512e-10
"Osteoclast differentiation: NFATC1",2.29040905829734e-10
"VEGF signaling pathway: PXN",2.30828844698455e-10
"Hedgehog signaling pathway: PTCH1**",2.35633137358087e-10
"Legionellosis: NFKB1",2.40535051251386e-10
"VEGF signaling pathway: RAC1",2.49354137374248e-10
"Apoptosis: BIRC2",2.62502913330093e-10
"GABAergic synapse: CACNA1A*",2.87897758088274e-10
"HIF-1 signaling pathway: PGK1",2.96884188981331e-10
"NOD-like receptor signaling pathway: CASP1 PYCARD",2.99940094585918e-10
"Apoptosis: FAS**",3.27185976178534e-10
"Wnt signaling pathway: FOSL1",3.32238694375173e-10
"Ras signaling pathway: PAK4",3.56843276905298e-10
"Leukocyte transendothelial migration: PXN",3.69803919600111e-10
"Maturity onset diabetes of the young: HNF4G",3.74057702640988e-10
"T cell receptor signaling pathway: CD3E",4.17824840538484e-10
"Rap1 signaling pathway: PRKCI PARD6A PARD3",6.07451043970106e-10
"Thyroid hormone signaling pathway: FOXO1",6.10516535613556e-10
"AMPK signaling pathway: RPS6KB1",6.42013572990647e-10
"Pathways in cancer: TP53",6.45249114306396e-10
"Ras signaling pathway: MAPK8",6.68347584675463e-10
"Hedgehog signaling pathway: GLI1 SUFU*",6.71712532889976e-10
"Morphine addiction: ADCY1",7.02750298112981e-10
"Thyroid hormone signaling pathway: TP53*",7.35185565826913e-10
"Proteoglycans in cancer: KDR",7.80712622451377e-10
"Pathways in cancer: BCL2",8.12579702187313e-10
"Prolactin signaling pathway: PRLR**",8.16334413348261e-10
"Hepatitis B: CDKN1A",8.41501432361845e-10
"Salmonella infection: MYH9",9.15983476715587e-10
"Osteoclast differentiation: MAPK1",9.2977855277918e-10
"Inflammatory mediator regulation of TRP channels: ASIC2",1.11197376154163e-09
"Inflammatory mediator regulation of TRP channels: TRPV3",1.15123922164357e-09
"Pathways in cancer: PTCH1*",1.18011026587027e-09
"Apoptosis: BBC3",1.23386707684141e-09
"Bladder cancer: EGFR",1.24613329867694e-09
"Maturity onset diabetes of the young: NKX6-1",1.43235513046787e-09
"Dopaminergic synapse: KIF5A GRIA1",1.63066962278344e-09
"Thyroid hormone signaling pathway: MYH6",1.6488028584043e-09
"Neurotrophin signaling pathway: NFKB1",1.78501470475804e-09
"Proteoglycans in cancer: ITGAV*",1.81144638851313e-09
"B cell receptor signaling pathway: FOS",1.82034140179838e-09
"Toxoplasmosis: BAD",1.8292789687473e-09
"Insulin signaling pathway: FASN",1.83825928727898e-09
"AMPK signaling pathway: SLC2A4",2.10789766362577e-09
"Tuberculosis: CR1",2.15994290337339e-09
"Chagas disease (American trypanosomiasis): NOS2",2.267815626335e-09
"Bladder cancer: TP53",2.29001134616691e-09
"Alzheimer's disease: MAPT",2.38092939935562e-09
"cAMP signaling pathway: GLI1",2.48741694577544e-09
"NF-kappa B signaling pathway: BCL2A1*",2.49953138980828e-09
"Shigellosis: ARPC5",2.52393291359792e-09
"Amphetamine addiction: DRD1",2.76607148663585e-09
"Proteoglycans in cancer: PLAU",2.89091060619552e-09
"cAMP signaling pathway: GRIA1",2.91902529790485e-09
"Aldosterone-regulated sodium reabsorption: KCNJ1",3.04816835066865e-09
"Fc gamma R-mediated phagocytosis: 1-Phosphatidyl-D-myo-inositol 4,5-bisphosphate GSN",3.15373354062445e-09
"Inflammatory bowel disease (IBD): TNF",3.27787920679463e-09
"Pathways in cancer: CDK4",3.3578727950186e-09
"NF-kappa B signaling pathway: IL1B*",3.60942561276002e-09
"p53 signaling pathway: SIAH1",3.60942561276002e-09
"Axon guidance: RASA1",3.62683293990476e-09
"Dopaminergic synapse: FOS",3.75099313993227e-09
"Longevity regulating pathway - mammal: EIF4E",3.76906468519138e-09
"Vasopressin-regulated water reabsorption: AQP2",3.88143576875491e-09
"Pathways in cancer: PTGS2",4.05052567330326e-09
"NF-kappa B signaling pathway: GADD45B",4.07000030071855e-09
"T cell receptor signaling pathway: CD40LG",4.10922333034043e-09
"Chemokine signaling pathway: FOXO3",4.39427257304062e-09
"Leishmaniasis: Prostaglandin E2",4.45781193418814e-09
"MAPK signaling pathway: MAPT",4.5222450481276e-09
"Endocrine and other factor-regulated calcium reabsorption: ATP2B1",4.72102972670144e-09
"Wnt signaling pathway: NFATC1",4.78916148609689e-09
"Chemokine signaling pathway: STAT1",5.16900459089464e-09
"Thyroid hormone signaling pathway: ATP2A2",5.24341775951478e-09
"Platelet activation: RHOA*",5.84959608802195e-09
"Regulation of actin cytoskeleton: VCL*",5.93352286398033e-09
"PPAR signaling pathway: PLIN1",6.04719033548995e-09
"Herpes simplex infection: FOS",6.16309500838907e-09
"Pathways in cancer: CCND1****",6.22182450087587e-09
"Acute myeloid leukemia: CCND1",6.22182450087587e-09
"MAPK signaling pathway: STK3",6.40129791151654e-09
"PI3K-Akt signaling pathway: PKN3",7.88031351716671e-09
"Alzheimer's disease: CASP3",7.95489886903374e-09
"Circadian entrainment: KCNJ3",8.64304854424838e-09
"Maturity onset diabetes of the young: NR5A2",9.15605427273547e-09
"Insulin resistance: AKT2",9.28934261051901e-09
"p53 signaling pathway: SERPINE1",9.73502039605227e-09
"cAMP signaling pathway: GRIN3A",1.02014546045072e-08
"Adherens junction: SNAI1",1.09420826526203e-08
"TNF signaling pathway: IKBKG",1.11482483812896e-08
"Tuberculosis: IL18",1.12003767489349e-08
"Choline metabolism in cancer: EIF4EBP1",1.1358187096287e-08
"Ras signaling pathway: PLD1",1.2466857232946e-08
"Insulin resistance: Nitric oxide*",1.25249669089504e-08
"Hepatitis C: EIF3E",1.46650830050179e-08
"Ras signaling pathway: RAC1*",1.61601145574479e-08
"TGF-beta signaling pathway: RPS6KB1",1.66137837073648e-08
"Influenza A: STAT1 IRF9",1.70012685131193e-08
"cAMP signaling pathway: HCN4",1.72379571068885e-08
"Endometrial cancer: MYC",2.15883566984247e-08
"PPAR signaling pathway: SLC27A4",2.19871851896994e-08
"p53 signaling pathway: BAX",2.48725935344396e-08
"Salmonella infection: ACTB",2.55620125337688e-08
"PPAR signaling pathway: DBI",2.63897879508601e-08
"Regulation of actin cytoskeleton: PFN3 ACTB",2.85098626192651e-08
"ErbB signaling pathway: JUN",2.89007662768968e-08
"Focal adhesion: BCL2",3.06556148060146e-08
"Tight junction: EPB41 TJP2 ACTB",3.06556148060146e-08
"Leukocyte transendothelial migration: RAC2",3.2075413154153e-08
"AMPK signaling pathway: PPARGC1A**",3.23669302820842e-08
"Acute myeloid leukemia: PIM1",3.25136510153456e-08
"Pathways in cancer: MMP1",3.26610168334816e-08
"Measles: STAT1 IRF9",3.46367387308966e-08
"Inflammatory mediator regulation of TRP channels: TRPA1",3.91098880586064e-08
"Inflammatory mediator regulation of TRP channels: TRPA1*",3.91098880586064e-08
"Neurotrophin signaling pathway: BAD",3.91174053165348e-08
"B cell receptor signaling pathway: NFATC1",4.01868889046682e-08
"Amyotrophic lateral sclerosis (ALS): PPP3CA",4.1284702427364e-08
"Pancreatic cancer: NFKB1",4.37639644671276e-08
"Legionellosis: HSPA1A",4.47554611296293e-08
"Fanconi anemia pathway: MLH1 PMS2",4.74363552984066e-08
"Inflammatory bowel disease (IBD): IL5",4.88930974620246e-08
"Bile secretion: SLCO1B1",5.27975958915922e-08
"Adipocytokine signaling pathway: PTPN11",5.34908374905629e-08
"Tight junction: CLDN24 TJP1 TJP2",5.35108419246374e-08
"PI3K-Akt signaling pathway: G6PC",5.44725824178205e-08
"Pertussis: C3",5.4959713489635e-08
"Glucagon signaling pathway: ACACA",5.66981411822167e-08
"MAPK signaling pathway: DDIT3",6.08741262666737e-08
"Olfactory transduction: CNGA3*",6.27837568569489e-08
"p53 signaling pathway: RRM2B",6.36338413341283e-08
"Longevity regulating pathway - mammal: TP53*",6.47713366961256e-08
"Taste transduction: PDE1A",6.59285200590754e-08
"Huntington's disease: CASP3*",6.80019574380652e-08
"Legionellosis: CASP3",6.80019574380652e-08
"p53 signaling pathway: RFWD2",7.04489806533482e-08
"GABAergic synapse: ADCY1",7.04489806533482e-08
"NF-kappa B signaling pathway: BCL2L1**",7.39533300931576e-08
"Proteoglycans in cancer: MAPK1***",7.56014802873064e-08
"MAPK signaling pathway: ATF4*",7.69455606599861e-08
"HIF-1 signaling pathway: SERPINE1",7.83127702814493e-08
"Complement and coagulation cascades: F2RL2",7.92437811375975e-08
"HTLV-I infection: HLA-A",8.2557045319722e-08
"Epstein-Barr virus infection: HLA-A",8.2557045319722e-08
"Pathways in cancer: CCND1",8.58855705006694e-08
"Renal cell carcinoma: TGFA",8.70236800829286e-08
"Bacterial invasion of epithelial cells: ACTB*",9.17238977165481e-08
"HIF-1 signaling pathway: ENO1",9.21264910175169e-08
"Cytosolic DNA-sensing pathway: TBK1",9.25307947913278e-08
"Proteoglycans in cancer: PAK1 FLNA",9.79456250767589e-08
"Bacterial invasion of epithelial cells: DNM1",9.83746243757546e-08
"Colorectal cancer: CCND1",9.96725635969665e-08
"Hepatitis C: MAPK8",1.0142895853451e-07
"Legionellosis: IL12A",1.02318353247746e-07
"Staphylococcus aureus infection: FCAR",1.02763978365715e-07
"VEGF signaling pathway: PTGS2",1.05491068774106e-07
"MAPK signaling pathway: NLK",1.07346582493667e-07
"Basal cell carcinoma: LEF1",1.07346582493667e-07
"Influenza A: EIF2S1",1.11152833742688e-07
"Renal cell carcinoma: TGFB1*",1.13597718305751e-07
"cAMP signaling pathway: BDNF",1.20723416480606e-07
"Epstein-Barr virus infection: GSK3B",1.29958804792999e-07
"MAPK signaling pathway: NFKB1",1.31089232297666e-07
"MAPK signaling pathway: ATF2",1.35121124246625e-07
"Fc gamma R-mediated phagocytosis: RPS6KB1",1.36885565122152e-07
"Tuberculosis: HLA-DMA",1.49231087456272e-07
"B cell receptor signaling pathway: NFKB1",1.51826260844872e-07
"cGMP-PKG signaling pathway: MYH7",1.57217318262795e-07
"Parkinson's disease: CASP3",1.61952463556258e-07
"Long-term potentiation: CREBBP ATF4",1.88991210080539e-07
"Aldosterone synthesis and secretion: STAR",1.92251985972317e-07
"Focal adhesion: CCND1",1.94733187044556e-07
"Measles: PRKCQ",2.04098455723362e-07
"p53 signaling pathway: EI24",2.07610757239363e-07
"Colorectal cancer: CCND1*",2.1118143822587e-07
"Neurotrophin signaling pathway: BAX",2.24152170846064e-07
"Hepatitis B: STAT3",2.28968524251556e-07
"Pathways in cancer: CCND1**",2.28968524251556e-07
"Non-alcoholic fatty liver disease (NAFLD): BAX",2.34880216444678e-07
"Hippo signaling pathway: AREG",2.36883349460058e-07
"Complement and coagulation cascades: PLG",2.58076532831784e-07
"Pathways in cancer: WNT16*",2.79409056925889e-07
"MAPK signaling pathway: PLA2G4B",2.85367422473253e-07
"MAPK signaling pathway: CDC25B",2.96403098830186e-07
"PPAR signaling pathway: ILK",3.15717715568175e-07
"Amyotrophic lateral sclerosis (ALS): CASP3",3.18383052316575e-07
"Cellular senescence: ZFP36L1",3.41932647326898e-07
"HTLV-I infection: STAT5A",3.89274350443219e-07
"Tuberculosis: TNF*",4.26645345415126e-07
"Chemokine signaling pathway: PRKACA",4.85229403484568e-07
"PI3K-Akt signaling pathway: BCL2**",4.89264314226094e-07
"Maturity onset diabetes of the young: FOXA3",5.81317812358954e-07
"FoxO signaling pathway: CCNB3",5.89092248266696e-07
"Leishmaniasis: MAPK14",5.98860061631088e-07
"Hippo signaling pathway: FGF1",6.0878390134932e-07
"Insulin resistance: AKT2*",6.31695451578971e-07
"Taste transduction: PLCB2",6.85623456625262e-07
"Ovarian steroidogenesis: PLA2G4B",6.90247960772732e-07
"Pertussis: C5",6.96929025499813e-07
"Thyroid hormone synthesis: DUOX2",7.08414113243026e-07
"Herpes simplex infection: STAT1 IRF9",7.23027088569772e-07
"Maturity onset diabetes of the young: PAX6*",8.22049092507372e-07
"Toll-like receptor signaling pathway: CXCL8",8.54314048889266e-07
"Vibrio cholerae infection: Potassium cation*",8.86062910654769e-07
"Vibrio cholerae infection: Sodium cation",8.86062910654769e-07
"Vibrio cholerae infection: Cl-",8.86062910654769e-07
"Insulin secretion: INS",8.92912772169826e-07
"NF-kappa B signaling pathway: PTGS2",8.93270943455506e-07
"Leukocyte transendothelial migration: BCAR1",8.96896099868041e-07
"MAPK signaling pathway: ELK4",9.26411724982297e-07
"Gap junction: GJA1 GJA1**",9.6073467454928e-07
"Inflammatory bowel disease (IBD): IFNG**",1.19376148366999e-06
"Prostate cancer: CCND1",1.2475983236609e-06
"Ovarian steroidogenesis: ACOT2",1.4070792524027e-06
"Apoptosis: HRK",1.42314067785785e-06
"Amphetamine addiction: PPP3CA",1.50462378369613e-06
"Acute myeloid leukemia: NFKB1",1.51662013526297e-06
"p53 signaling pathway: TSC2",1.57799437359356e-06
"Wnt signaling pathway: PRKCA",1.59686753508946e-06
"Antigen processing and presentation: KIR2DS2",1.62880594832717e-06
"Insulin signaling pathway: BAD",1.66794290625321e-06
"Influenza A: NFKB1",1.70124599524632e-06
"Hepatitis C: STAT3",1.7215336231035e-06
"mTOR signaling pathway: EIF4B",1.78380113327287e-06
"Thyroid hormone signaling pathway: ATP1B4",1.7908518632278e-06
"Salivary secretion: KCNMA1",1.87757722024497e-06
"Proteoglycans in cancer: CCND1",1.89988102589893e-06
"Rap1 signaling pathway: ACTB",1.99166846335865e-06
"Hedgehog signaling pathway: PTCH1***",2.12902328779857e-06
"AMPK signaling pathway: ACACA*",2.14576844137266e-06
"Prolactin signaling pathway: TH",2.32991662747811e-06
"Pertussis: CFL1",2.43152320273932e-06
"Bile secretion: ABCC2",2.5520060794815e-06
"VEGF signaling pathway: CASP9",2.55775441952907e-06
"Proteoglycans in cancer: RAC1*",2.70072417648589e-06
"Cytosolic DNA-sensing pathway: NFKB1*",2.95239604069682e-06
"Influenza A: CIITA",2.97531363607759e-06
"Thyroid hormone signaling pathway: PFKP",3.02166188463391e-06
"Amphetamine addiction: FOS",3.05687678726005e-06
"Glutamatergic synapse: PRKACA",3.28883868164521e-06
"Ovarian steroidogenesis: STAR",3.30190393232999e-06
"NF-kappa B signaling pathway: CCL19",3.3402449528228e-06
"Leukocyte transendothelial migration: MAPK14",3.35311990494284e-06
"Adherens junction: PARD3",3.41821178893436e-06
"Prostate cancer: CASP9",3.43137477211898e-06
"Influenza A: FDPS",3.74788900681671e-06
"Fc gamma R-mediated phagocytosis: ARF6*",3.7622667476197e-06
"Hepatitis C: MAPK1",3.7622667476197e-06
"Hepatitis B: NFKBIA",3.82030822100458e-06
"HTLV-I infection: ANAPC10 CDC20",4.1079272176739e-06
"Apoptosis: DFFA",4.17106855419874e-06
"Acute myeloid leukemia: BAD",4.535312807125e-06
"Olfactory transduction: CNGA3",4.58676955639026e-06
"Axon guidance: FYN*",4.71077347993394e-06
"Fc gamma R-mediated phagocytosis: WAS",4.76466919628962e-06
"Glucagon signaling pathway: PFKL",5.02408089252035e-06
"Apoptosis: BAX",5.08140250888453e-06
"Hepatitis C: NFKB1*",5.13935009727473e-06
"Parkinson's disease: PRKACA",5.29695479705633e-06
"Progesterone-mediated oocyte maturation: CDK2",5.33711361747886e-06
"Glutamatergic synapse: ITPR1 HOMER3 HOMER3",5.45921417268638e-06
"PI3K-Akt signaling pathway: RXRA",5.50054974459022e-06
"Long-term depression: GNA13",5.73311450255452e-06
"RIG-I-like receptor signaling pathway: IRF3 PIN1",5.90813308742495e-06
"Pathways in cancer: BCL2L1*",6.34453022645366e-06
"Epstein-Barr virus infection: IRF3",6.6358629928991e-06
"Circadian rhythm: BHLHE41",6.93996820037423e-06
"NF-kappa B signaling pathway: CFLAR",6.96590333783992e-06
"Gastric acid secretion: EZR ACTB",7.44889444313069e-06
"Prolactin signaling pathway: LHCGR",7.88464537242105e-06
"Hippo signaling pathway: SAV1",8.29505289362886e-06
"HTLV-I infection: NFATC1",8.48123872998676e-06
"Leukocyte transendothelial migration: RAC1*",8.5758229108548e-06
"TNF signaling pathway: BAG4",8.63943818068217e-06
"Adherens junction: ACTB ACTN4 CTNNA1",9.40419176400687e-06
"Axon guidance: ENAH*",1.0047376847867e-05
"AMPK signaling pathway: CCND1",1.01213815205294e-05
"Pertussis: IRF3",1.02047029648379e-05
"Serotonergic synapse: TRPC1",1.03465319793298e-05
"Hepatitis B: NFKB1 NFKBIA",1.10914918076689e-05
"Acute myeloid leukemia: MAPK1",1.11320860779446e-05
"Signaling pathways regulating pluripotency of stem cells: ESRRB",1.12134334982611e-05
"MAPK signaling pathway: MAX",1.13786463723568e-05
"Taste transduction: HTR1A",1.14202432849371e-05
"Natural killer cell mediated cytotoxicity: TNFRSF10D",1.15880871119309e-05
"Herpes simplex infection: CASP3",1.17582840237742e-05
"Focal adhesion: VASP ACTB",1.201805989033e-05
"Tuberculosis: CD74",1.25541366181874e-05
"Rap1 signaling pathway: ITGA2B",1.27841708289654e-05
"Colorectal cancer: MYC",1.29710882242533e-05
"PI3K-Akt signaling pathway: EIF4E",1.325636069912e-05
"NF-kappa B signaling pathway: NFKBIA*",1.33527744459441e-05
"VEGF signaling pathway: BAD",1.33527744459441e-05
"Fc gamma R-mediated phagocytosis: PLA2G6",1.35476124718547e-05
"Adipocytokine signaling pathway: POMC",1.38295612754416e-05
"Pathways in cancer: MYC***",1.38449621247281e-05
"Acute myeloid leukemia: MYC",1.38449621247281e-05
"Measles: TNFRSF10D",1.41997383608257e-05
"NF-kappa B signaling pathway: TNF*",1.43026849593873e-05
"Fc epsilon RI signaling pathway: PLA2G4B",1.43281993116151e-05
"Circadian entrainment: PRKCA",1.45631746473695e-05
"Insulin signaling pathway: PKLR",1.47991119303271e-05
"Bladder cancer: RB1",1.50977890949832e-05
"Hepatitis B: CDK2",1.73050118938692e-05
"Hepatitis B: CDK2*",1.73050118938692e-05
"Osteoclast differentiation: FOS*",1.76484892028809e-05
"Endometrial cancer: CASP9",1.92613867227326e-05
"Regulation of actin cytoskeleton: MYL12B MYH9 ACTB",1.95376270499872e-05
"Proteoglycans in cancer: ITGA2 Heparan sulfate",1.99590722442216e-05
"Leukocyte transendothelial migration: PTK2",2.12759695287545e-05
"Glutamatergic synapse: MAPK1",2.12759695287545e-05
"Hepatitis C: IKBKG CHUK IKBKB",2.18101030625481e-05
"Notch signaling pathway: DTX2",2.28361057446559e-05
"Maturity onset diabetes of the young: NEUROD1",2.32955744963724e-05
"Regulation of actin cytoskeleton: MSN",2.40770242088568e-05
"Longevity regulating pathway - mammal: BAX",2.41619936276826e-05
"Circadian rhythm: RORA",2.55609183598264e-05
"Phospholipase D signaling pathway: MAPK1",2.72267306562556e-05
"Hepatitis B: MYC",2.72267306562556e-05
"NF-kappa B signaling pathway: TNFAIP3",2.82950085467725e-05
"Wnt signaling pathway: CAMK2A",3.14147388108873e-05
"Natural killer cell mediated cytotoxicity: TNF",3.19654752829381e-05
"Bacterial invasion of epithelial cells: CTNNA1",3.461915226241e-05
"Inflammatory mediator regulation of TRP channels: D-myo-Inositol 1,4,5-trisphosphate*",3.48593636523946e-05
"VEGF signaling pathway: PLA2G4B",3.52230961718501e-05
"Apoptosis: TRAF1",3.70955325118712e-05
"Proteoglycans in cancer: ITGA5*",3.89280831529043e-05
"Type II diabetes mellitus: Fatty acid",3.97394842965493e-05
"Adipocytokine signaling pathway: SLC2A1",4.13208811059485e-05
"Herpes simplex infection: CHUK",4.16956222058455e-05
"Renin secretion: PDE3A",4.30010150561676e-05
"Taste transduction: PKD1L3 PKD2L1",4.44962929593624e-05
"Alcoholism: NPY",4.61961672398674e-05
"Pertussis: IL12A",4.87861995623293e-05
"Ras signaling pathway: REL",5.03010564463835e-05
"Hepatitis B: TNF",5.70099945451129e-05
"NF-kappa B signaling pathway: CCL21",5.73957784338722e-05
"Prostate cancer: BCL2",5.79790933608711e-05
"mTOR signaling pathway: RPS6",5.91626085083552e-05
"Chagas disease (American trypanosomiasis): NFKB1*",6.01663110211024e-05
"HIF-1 signaling pathway: EGF*",6.32750454403154e-05
"Type II diabetes mellitus: ATP",6.6535413828302e-05
"Proteoglycans in cancer: PRKCA",6.78835572592604e-05
"Pathways in cancer: GLI1",6.92575199210177e-05
"Pathways in cancer: FIGF*",6.97213248399169e-05
"Pathways in cancer: BCL2L1**",7.08937267479549e-05
"Chronic myeloid leukemia: BCL2L1",7.08937267479549e-05
"Amphetamine addiction: CACNA1C*",7.15550232389827e-05
"Hepatitis B: MYC*",7.30511909885852e-05
"Adipocytokine signaling pathway: NPY",7.33328461342392e-05
"Non-alcoholic fatty liver disease (NAFLD): TNF*",7.57724524902099e-05
"Non-alcoholic fatty liver disease (NAFLD): PRKAG2",7.79803335806917e-05
"PI3K-Akt signaling pathway: CCND1 CDK2",7.83292592171767e-05
"Taste transduction: P2RY4",7.90099543093849e-05
"Leukocyte transendothelial migration: MMP2",7.99022698550662e-05
"Thyroid cancer: CCND1",8.04332094580243e-05
"Hepatitis C: GSK3B",8.09674827889304e-05
"Taste transduction: CALHM1",8.24029502354706e-05
"Bile secretion: SLC10A1",8.30016548729215e-05
"Glucagon signaling pathway: PFKFB1",8.35687818557769e-05
"Glucagon signaling pathway: PYGB",8.50350942357944e-05
"RIG-I-like receptor signaling pathway: IRF7",8.62131354324231e-05
"Epstein-Barr virus infection: PLCG1",8.62131354324231e-05
"Hippo signaling pathway: AFP",8.66340705950326e-05
"Amphetamine addiction: CACNA1C",8.6747848695014e-05
"Ras signaling pathway: BCL2L1",9.70446169996561e-05
"Tuberculosis: CASP3",9.92947589553374e-05
"NF-kappa B signaling pathway: NFKB2",0.000100602575692559
"VEGF signaling pathway: SHC2",0.000102930464985086
"Herpes simplex infection: POU2F3 HCFC2",0.000103604857266753
"T cell receptor signaling pathway: LAT GRAP2",0.000110582064431799
"Inflammatory bowel disease (IBD): IL5*",0.000112742489077315
"Insulin resistance: IKBKB**",0.000120316470573125
"Herpes simplex infection: CYCS",0.000127523002733571
"MAPK signaling pathway: ATF4",0.000128348376739835
"Small cell lung cancer: PTGS2",0.000129178783577591
"Rap1 signaling pathway: ITGAL",0.000132125255069711
"Chagas disease (American trypanosomiasis): SMAD2",0.000135570165977799
"Vibrio cholerae infection: H+",0.000136883688118452
"Epithelial cell signaling in Helicobacter pylori infection: H+",0.000136883688118452
"VEGF signaling pathway: NOS3",0.000138653707608038
"Hepatitis B: JUN",0.000138653707608038
"Hedgehog signaling pathway: PRKACA",0.000142715391084577
"Maturity onset diabetes of the young: PAX4",0.000144585179402883
"Axon guidance: ENAH",0.000145020036499568
"NF-kappa B signaling pathway: BCL2",0.000147359694880832
"Insulin resistance: G00369",0.000150214198789349
"Influenza A: IRF3",0.000159093231175706
"Dopaminergic synapse: GRIN2A",0.000160888253222213
"PI3K-Akt signaling pathway: FASLG",0.000165810499540752
"Axon guidance: GNAI1",0.000166867348990268
"Endometrial cancer: BAD",0.000170616313267409
"Rap1 signaling pathway: MAPK1",0.000172247142406888
"TNF signaling pathway: NFKB1*",0.000172247142406888
"Complement and coagulation cascades: CPB2",0.000183008408959352
"PPAR signaling pathway: ANGPTL4",0.000185831665995184
"Adipocytokine signaling pathway: PCK1",0.00018641898150476
"VEGF signaling pathway: PTK2",0.000190579305653791
"MAPK signaling pathway: MAP4K2",0.00019360422112498
"cAMP signaling pathway: ATP1B4 FXYD1",0.000194214593464136
"Calcium signaling pathway: ADCY1",0.000200418578024147
"Amyotrophic lateral sclerosis (ALS): RAB5A",0.000202315778349377
"Hepatitis C: NFKB1",0.000206160903102475
"Hepatitis C: BAD",0.000206808392748615
"cAMP signaling pathway: ACOX1",0.000207457792106141
"p53 signaling pathway: CDK1 CCNB3",0.000212057499833224
"Glutamatergic synapse: TRPC1",0.000231430396333874
"Prolactin signaling pathway: CCND1*",0.000232153064091565
"Basal cell carcinoma: GLI1",0.000254813112622095
"Prostate cancer: TP53",0.00025958719734159
"Ras signaling pathway: NFKB1",0.000263629534123388
"Maturity onset diabetes of the young: PKLR",0.000266394769105832
"Proteoglycans in cancer: MAPK1*",0.000275264272076643
"NOD-like receptor signaling pathway: MAPK1",0.000294524017056961
"Non-small cell lung cancer: CASP9*",0.00029815865208443
"PPAR signaling pathway: ACAA1",0.000303689450678717
"Non-small cell lung cancer: CCND1",0.000333828328492839
"Prostate cancer: CDKN1B",0.000342048441574908
"Ovarian steroidogenesis: HSD17B2",0.00036233628437096
"cAMP signaling pathway: TNNI3",0.00037329759694809
"cAMP signaling pathway: NFKBIA NFKB1",0.000373460770720797
"Chronic myeloid leukemia: BCL2L1*",0.000393108170142997
"Sphingolipid signaling pathway: TP53 BCL2",0.000397869395311439
"Tuberculosis: IL12A",0.000399068091562776
"p53 signaling pathway: CASP3",0.000416208045886399
"Amyotrophic lateral sclerosis (ALS): DERL1",0.000426308523565176
"p53 signaling pathway: RPRM",0.000434004190886075
"Measles: NFKB1",0.000439256010092708
"MAPK signaling pathway: MAP3K2",0.000447199738231699
"Amyotrophic lateral sclerosis (ALS): TOMM40",0.000455277384904537
"Pathways in cancer: CDKN1A*",0.000478909540585243
"PPAR signaling pathway: PLTP",0.000511192156870796
"Adherens junction: ACTB",0.000529644762947669
"Rap1 signaling pathway: THBS1",0.000548716552896287
"Chronic myeloid leukemia: CDKN1B",0.000556850374086255
"Measles: GSK3B",0.000570098426604017
"Calcium signaling pathway: ATP",0.000573455995167307
"Calcium signaling pathway: NADH",0.000573455995167307
"Calcium signaling pathway: Nicotinic acid adenine dinucleotide phosphate",0.000573455995167307
"ErbB signaling pathway: ABL1",0.000620622746428331
"Bile secretion: ABCB4",0.000621010491431901
"Hedgehog signaling pathway: CCND1",0.000642723433382546
"Axon guidance: RHOA***",0.000648361850352815
"Signaling pathways regulating pluripotency of stem cells: HNF1A",0.000662393280604788
"Apoptosis: BID*",0.000663623326618648
"Proteoglycans in cancer: PPP1R12A",0.000669431998658516
"Proteoglycans in cancer: ITGAV",0.000691137314886369
"Wnt signaling pathway: SIAH1",0.000715560755957079
"Prostate cancer: BAD",0.000725971914717181
"Melanoma: CDK4",0.000725971914717181
"Insulin resistance: MLXIP*",0.000728070960208724
"Insulin resistance: Starch",0.000740784087241146
"Influenza A: IRF7",0.000742922880325166
"Apoptosis: BID**",0.000747217682318425
"Hedgehog signaling pathway: GLI1***",0.000793726383769976
"Apoptosis: TNFRSF10D*",0.000796006722134423
"Apoptosis: TUBA1B",0.000805189011744616
"Ras signaling pathway: RAP1A",0.000907718586566309
"p53 signaling pathway: IGF1",0.000920699443694706
"Amphetamine addiction: PDYN",0.000928570305220208
"Pathways in cancer: CXCL8",0.000985436120433566
"Measles: STAT3",0.000993818111457829
"Hedgehog signaling pathway: CCND1*",0.00101936177054257
"Herpes simplex infection: IRF3",0.00102801046503214
"Melanoma: CCND1",0.00105733232097172
"Oxytocin signaling pathway: EEF2",0.00106030667310175
"Prion diseases: SOD1",0.00107529488693191
"RIG-I-like receptor signaling pathway: NFKB1",0.00109353936621791
"Cytosolic DNA-sensing pathway: NFKB1",0.00110896133678399
"Type II diabetes mellitus: Pyruvate",0.00111518624400348
"p53 signaling pathway: SERPINB5",0.00113398896965488
"AMPK signaling pathway: LIPE",0.00114360016353624
"Huntington's disease: REST",0.00114360016353624
"cAMP signaling pathway: BAD",0.00115000457533025
"p53 signaling pathway: PERP",0.00115967337201693
"Circadian rhythm: CRY1",0.00120579571710353
"HIF-1 signaling pathway: LDHA",0.00122607639023396
"Hedgehog signaling pathway: BCL2*",0.0013433636346236
"NF-kappa B signaling pathway: CCL4L1",0.00135079435327423
"PPAR signaling pathway: APOC3",0.00135127780904229
"Herpes simplex infection: IRF9 STAT1",0.00136953734664047
"ErbB signaling pathway: PTK2",0.00138089798117555
"Regulation of lipolysis in adipocytes: Arachidonate",0.00138851995369711
"Prostate cancer: MTOR",0.00142330130196254
"Axon guidance: PAK4",0.00143901601255994
"Choline metabolism in cancer: PRKCA",0.00143901601255994
"Thyroid hormone signaling pathway: GATA4",0.00144069457879184
"Longevity regulating pathway - multiple species: ATG5",0.00147900509747983
"PI3K-Akt signaling pathway: MAPK1",0.00148305981889161
"Axon guidance: CAMK2A",0.00151173090748611
"RIG-I-like receptor signaling pathway: MAPK8",0.00151173090748611
"Tight junction: OCLN TJP2",0.00158349941358514
"Pathways in cancer: BIRC8",0.0016095694114056
"Oxytocin signaling pathway: CACNG3",0.00163713194195823
"cAMP signaling pathway: LIPE",0.00164494407320249
"cAMP signaling pathway: Diacylglycerol",0.00176968205199316
"cAMP signaling pathway: D-myo-Inositol 1,4,5-trisphosphate",0.00176968205199316
"Proteoglycans in cancer: EIF4B RPS6",0.00197580178130971
"Fanconi anemia pathway: FANCI",0.00202390076092301
"Toll-like receptor signaling pathway: CXCL9",0.00205108440700946
"Epstein-Barr virus infection: NFKB1*",0.00205656117127237
"Bile secretion: ABCB11",0.00210261203401135
"Regulation of lipolysis in adipocytes: PRKACA*",0.00214033878925833
"Thyroid cancer: MYC",0.00216320198873966
"Maturity onset diabetes of the young: IAPP",0.00223156013287102
"cGMP-PKG signaling pathway: TRPC6*",0.00223906244928226
"Measles: STAT1 GNB2L1",0.00232347851849526
"HTLV-I infection: RRAS2",0.00241080010256529
"Toxoplasmosis: MAP3K7 TAB1",0.00246203676744138
"Insulin signaling pathway: LIPE",0.00252748329503398
"Apoptosis: SPTA1",0.00253411471187413
"HIF-1 signaling pathway: PDK1",0.00269109798971966
"Apoptosis: FAS*",0.00269812075831948
"Leishmaniasis: ELK1",0.0027620833766115
"Influenza A: MAPK1",0.00277648408019125
"PI3K-Akt signaling pathway: BCL2L11",0.00279095333022025
"Hepatitis B: CASP3",0.00279821375062647
"NF-kappa B signaling pathway: PLAU",0.00284952160315955
"Rap1 signaling pathway: AKT3",0.00286433795072558
"Adipocytokine signaling pathway: Long-chain fatty acid",0.00288190657499752
"NF-kappa B signaling pathway: PLCG1",0.00308722621079838
"Calcium signaling pathway: Sphingosine 1-phosphate",0.00317582768159618
"PI3K-Akt signaling pathway: GYS1",0.00326674090919127
"Pathogenic Escherichia coli infection: ACTB",0.00328352309872812
"Oxytocin signaling pathway: ELK1",0.00345571648214398
"TGF-beta signaling pathway: ROCK1",0.00349112609106327
"PI3K-Akt signaling pathway: PRKCA",0.0036360905262275
"AMPK signaling pathway: PPARG",0.00389317797116298
"Complement and coagulation cascades: C4A",0.00396247214852555
"Measles: IRF9 STAT1",0.00397235020716362
"Estrogen signaling pathway: CREB3**",0.00414582962006572
"Measles: FAS",0.00420863807155466
"Proteoglycans in cancer: FAS",0.00422976542905801
"Toll-like receptor signaling pathway: CXCL10",0.0043585628014098
"PI3K-Akt signaling pathway: TP53",0.00438037133305765
"Glutamatergic synapse: PRKACA*",0.00452455426262009
"Natural killer cell mediated cytotoxicity: FAS",0.00458114448620562
"Dopaminergic synapse: CLOCK ARNTL",0.00462687737555611
"Ras signaling pathway: BRAP*",0.00470790574379398
"Prolactin signaling pathway: GALT",0.00471958550214826
"Longevity regulating pathway - multiple species: SOD2",0.00483783388015963
"Hepatitis B: BCL2",0.00515792692641021
"ErbB signaling pathway: PRKCA",0.00537744136468977
"Axon guidance: RAF1",0.00543030254556657
"Choline metabolism in cancer: PCYT1A",0.0055239395252216
"Apoptosis: ACTB",0.0055374345344682
"Non-small cell lung cancer: CCND1*",0.00555095928859158
"Chagas disease (American trypanosomiasis): PLCB1",0.00572951394191027
"Hippo signaling pathway: CCND1",0.00574346115190886
"Adherens junction: IQGAP1**",0.00584195196212637
"Longevity regulating pathway - mammal: NFKB1",0.00587037049086036
"Proteoglycans in cancer: HOXD10",0.00609796636848826
"Legionellosis: CXCL8",0.00610224255070945
"Prostate cancer: KLK3",0.00613486789348834
"Non-alcoholic fatty liver disease (NAFLD): PKLR",0.00613728592209597
"Pathways in cancer: KLK3",0.00614988755432493
"Glutamatergic synapse: GRIK1",0.00616148475114084
"Oxytocin signaling pathway: TRPM2",0.00628246869848115
"AMPK signaling pathway: ULK1",0.00640366693618801
"PPAR signaling pathway: ADIPOQ",0.00641481871633756
"cAMP signaling pathway: SLC9A1",0.00651228935588693
"Prion diseases: PRKACA",0.00651228935588693
"Cocaine addiction: SLC6A3",0.00657493332680403
"Salmonella infection: ACTB*",0.00659088847244695
"Epithelial cell signaling in Helicobacter pylori infection: LYN",0.00663845640426844
"Hippo signaling pathway: GLI2",0.00676681687507138
"cAMP signaling pathway: PDE3A",0.00701351944024019
"Proteoglycans in cancer: CASP3",0.00701351944024019
"Signaling pathways regulating pluripotency of stem cells: MYC*",0.00716538944736759
"PPAR signaling pathway: FABP1",0.00723379664383648
"Measles: CDKN1B",0.00733759053236682
"HTLV-I infection: SLC2A1",0.00738996998915608
"Proteoglycans in cancer: TP53",0.00753129212367401
"Hepatitis B: FASLG*",0.00774782022141576
"ErbB signaling pathway: MYC",0.00783967603226478
"HIF-1 signaling pathway: NPPA",0.00790339207510656
"PPAR signaling pathway: APOA2",0.0081789401934827
"Basal cell carcinoma: PTCH1*",0.00835275573400894
"Salmonella infection: NFKB1",0.00859028122305105
"Oxytocin signaling pathway: PRKACA",0.00861563004073769
"Ovarian steroidogenesis: HSD17B1",0.00867078782523891
"NF-kappa B signaling pathway: BCL2L1",0.00881329830076684
"Hepatitis B: STAT1",0.00885439813399745
"Measles: IFNAR1 GNB2L1",0.00887501218797625
"Apoptosis: FASLG*",0.00923207001757391
"Toxoplasmosis: NFKB1",0.00946988709544531
"RIG-I-like receptor signaling pathway: MAVS TMEM173",0.00949177534114314
"TNF signaling pathway: AKT3",0.00957978019579155
"Colorectal cancer: BCL2",0.00957978019579155
"Dopaminergic synapse: CAMK2A",0.00975797541755498
"Taste transduction: P2RX3",0.00995650537936934
"Ras signaling pathway: FASLG",0.0103104148067326
"Dopaminergic synapse: CACNA1C",0.0103301124952295
"Pathways in cancer: RAC1",0.0103340266368756
"B cell receptor signaling pathway: RAC1",0.0103576855039481
"MAPK signaling pathway: STMN1",0.0105246515443972
"Hippo signaling pathway: MOB1A",0.0105486982624943
"Hippo signaling pathway: SNAI2",0.0105969383567861
"cAMP signaling pathway: ORAI1",0.0107183980284894
"PPAR signaling pathway: FABP3",0.010989975785204
"Inflammatory bowel disease (IBD): IL2",0.0113701573888117
"Measles: IL12A",0.011499454557955
"Maturity onset diabetes of the young: SLC2A2",0.0115256047562819
"Leukocyte transendothelial migration: ACTB",0.0116563324109768
"Hepatitis B: MYD88*",0.0120568633148704
"cAMP signaling pathway: ATP2B1",0.0121111788991402
"Endometrial cancer: ELK1",0.0121111788991402
"Hedgehog signaling pathway: BCL2",0.0123306160076086
"Axon guidance: DPYSL2 DPYSL5",0.012391008610086
"Pathways in cancer: BCL2L1",0.0127231166068644
"Tight junction: OCLN TJP3 TJP1",0.0127515709313174
"Hippo signaling pathway: MYC",0.0128372721062922
"p53 signaling pathway: STEAP3",0.0128659522102613
"Maturity onset diabetes of the young: NKX6-1*",0.0131130974955717
"MAPK signaling pathway: MYC",0.0131266349893139
"Natural killer cell mediated cytotoxicity: BID",0.0136016212568174
"B cell receptor signaling pathway: CD79B",0.0138141588858764
"Staphylococcus aureus infection: IL10",0.0140606453927733
"Non-small cell lung cancer: BAD*",0.0147910474162721
"PI3K-Akt signaling pathway: NOS3",0.0149541855086938
"Serotonergic synapse: CASP3",0.0151852413042596
"mTOR signaling pathway: EIF4E",0.0153522002703812
"NOD-like receptor signaling pathway: NFKB1",0.0156568018891387
"Herpes simplex infection: NFKB1",0.0156568018891387
"FoxO signaling pathway: BNIP3",0.0157252088010923
"Prolactin signaling pathway: SLC2A2",0.0162982355709539
"Hepatitis B: ELK1",0.016459506742061
"Adherens junction: NLK",0.0167108793778758
"T cell receptor signaling pathway: NFKB1",0.0170758285013357
"Complement and coagulation cascades: BDKRB1",0.0176819222825354
"Toxoplasmosis: MAPK1",0.0180576098215425
"Tuberculosis: PPP3CA",0.0182910744057308
"Natural killer cell mediated cytotoxicity: CSF2",0.0187658497529659
"ErbB signaling pathway: CBLC",0.018765942841248
"HIF-1 signaling pathway: GAPDH",0.018765942841248
"cAMP signaling pathway: CREB3 CREBBP",0.0189669658503821
"Pancreatic cancer: VEGFA",0.0191698692873299
"Longevity regulating pathway - multiple species: SOD1",0.0194571205822516
"Melanoma: BAD",0.0196645957950766
"Glucagon signaling pathway: GYS1",0.0204707239891215
"Prostate cancer: 2-Amino-1-methyl-6-phenylimidazo[4,5-b]pyridine",0.0205572333306995
"Apoptosis: MCL1",0.0206440613050345
"Pathways in cancer: CASP9",0.020731208866122
"Signaling pathways regulating pluripotency of stem cells: SMAD2 SMAD4",0.0209504822386009
"Insulin signaling pathway: ELK1",0.0210387558934324
"T cell receptor signaling pathway: GRB2",0.0213055241368189
"Notch signaling pathway: HES1",0.0213950991986642
"p53 signaling pathway: TP73",0.0215300766681875
"MAPK signaling pathway: JUN",0.0222161415482487
"Thyroid hormone signaling pathway: BAD",0.0230165928485665
"Morphine addiction: GABRR3",0.0233534016436994
"Morphine addiction: GABRR3*",0.0233534016436994
"Morphine addiction: GABRR3**",0.0233534016436994
"Type II diabetes mellitus: SLC2A4",0.0235477782391984
"TNF signaling pathway: PGAM5",0.0236944805860493
"AMPK signaling pathway: PCK1",0.0238419752275685
"Bacterial invasion of epithelial cells: ACTB",0.0241892298681016
"Colorectal cancer: CASP9",0.0242892473494943
"VEGF signaling pathway: HSPB1",0.0252574280371295
"Gastric acid secretion: CAMK2A",0.0253612589474595
"Taste transduction: Calcium cation*",0.0256224536433215
"Thyroid hormone signaling pathway: CASP9",0.0256224536433215
"Taste transduction: GRM1",0.0260984626109538
"Taste transduction: GABBR1",0.0261518307407306
"Thyroid hormone signaling pathway: ESR1",0.0265821136272886
"Oxytocin signaling pathway: CDKN1A",0.0270779433516859
"Serotonergic synapse: PLA2G4B",0.0273498319556896
"Insulin signaling pathway: EIF4E",0.0275168095190301
"Rap1 signaling pathway: RALA",0.0297688175848902
"Hippo signaling pathway: SOX2",0.0298285862229165
"Cholinergic synapse: BCL2",0.0305538951476887
"Salivary secretion: AQP5",0.0309221929588324
"Thyroid hormone signaling pathway: SLC9A1",0.0321137257809014
"Insulin secretion: RAB3A",0.032273847565496
"FoxO signaling pathway: S1PR1",0.0323054142001539
"NF-kappa B signaling pathway: PLCG2",0.0326270735667672
"Oxytocin signaling pathway: PRKAG2",0.0330905761868742
"Pathways in cancer: PPARD",0.0345472869279696
"Acute myeloid leukemia: PPARD",0.0345472869279696
"Adrenergic signaling in cardiomyocytes: TNNI3 TPM1",0.0352255357895944
"Thyroid cancer: MAPK1*",0.0353696510091151
"Small cell lung cancer: CCND1",0.0355778329608389
"Retrograde endocannabinoid signaling: PRKCA",0.0366344903774305
"Cholinergic synapse: PRKCA",0.0366344903774305
"Serotonergic synapse: PRKCA",0.0366344903774305
"Alzheimer's disease: EIF2AK3",0.0369925997061591
"Taste transduction: TRPM5",0.0375961796713343
"TGF-beta signaling pathway: SMAD4***",0.0376447103409257
"FoxO signaling pathway: FBXO32",0.0387532948967306
"HTLV-I infection: E2F1",0.0401972131769393
"NF-kappa B signaling pathway: BIRC2",0.0405846891730741
"Axon guidance: MAPK1",0.0408186911087081
"Pathways in cancer: MAPK8",0.0443842015552969
"FoxO signaling pathway: BCL2L11",0.0455724072746068
"cAMP signaling pathway: AMH",0.0458299781954492
"NF-kappa B signaling pathway: ICAM1",0.0465247008114218
"Hepatitis C: CDKN1A",0.0469630674063493
"NOD-like receptor signaling pathway: MAPK8",0.0472277515214921
"Hepatitis B: SMAD4",0.0472277515214921
"Prolactin signaling pathway: TNFSF11",0.0481974053437879
"ErbB signaling pathway: CAMK2A",0.0492989680222418
